,data_representations,K1,B,factors,regularization,iterations,precision_at_k,map_at_k,ndcg_at_k
0,Raw,,,3,0.005,10,0.47447314070330365,0.36814631741583337,0.4608398211004789
1,Raw,,,3,0.005,15,0.46636923816313314,0.358392843426226,0.4520681434110057
2,Raw,,,3,0.005,30,0.4261607655909144,0.32127763841448315,0.4191287927344255
3,Raw,,,3,0.01,10,0.47540138879178445,0.36880980086481385,0.4614948399078308
4,Raw,,,3,0.01,15,0.46755321237876213,0.3591573566840566,0.4528364749161775
5,Raw,,,3,0.01,30,0.42464563184213266,0.3200055875330031,0.41817033692340794
6,Raw,,,3,0.02,10,0.47339687981002365,0.36893956801766126,0.46120984002568244
7,Raw,,,3,0.02,15,0.46673139956019183,0.36082457008557134,0.4537252805862429
8,Raw,,,3,0.02,30,0.42605748393955833,0.3239395441012225,0.4213555567623602
9,Raw,,,6,0.005,10,0.4813018582280999,0.3794863245545244,0.471479314885599
10,Raw,,,6,0.005,15,0.49066385180626443,0.38856582628375846,0.48381813100719767
11,Raw,,,6,0.005,30,0.4632923497076688,0.3565435330886021,0.4592966221187383
12,Raw,,,6,0.01,10,0.47835782685157513,0.37645551045136105,0.4684552974287485
13,Raw,,,6,0.01,15,0.49100646636684464,0.3874342559622707,0.48228116087259165
14,Raw,,,6,0.01,30,0.46104622296440584,0.35711560113869756,0.45880511995840106
15,Raw,,,6,0.02,10,0.4713267283983685,0.3694226654297476,0.4610677466866283
16,Raw,,,6,0.02,15,0.48695846860239306,0.3823877957786623,0.4767012886192232
17,Raw,,,6,0.02,30,0.4632808736048825,0.35807668347985333,0.4586746722612668
18,Raw,,,7,0.005,10,0.4802098566787444,0.3759629367610736,0.4696292047396634
19,Raw,,,7,0.005,15,0.48589170378816327,0.38040040382044565,0.47514061558351417
20,Raw,,,7,0.005,30,0.45979715408104205,0.35631578009089554,0.4576574287331245
21,Raw,,,7,0.01,10,0.47751405985879847,0.37401707539548046,0.46722062471853026
22,Raw,,,7,0.01,15,0.48272924266994555,0.3772874892927578,0.472174640947541
23,Raw,,,7,0.01,30,0.4596760721389293,0.3559583300629069,0.4564702110516639
24,Raw,,,7,0.02,10,0.4743432891381828,0.3708845950812832,0.4636317502892552
25,Raw,,,7,0.02,15,0.48004563349981233,0.37387996290389747,0.4679201990725857
26,Raw,,,7,0.02,30,0.46212813753820303,0.359085348973364,0.4577183881749304
27,Raw,,,8,0.005,10,0.4792565441736626,0.3719751013733356,0.4647357279961331
28,Raw,,,8,0.005,15,0.48006545680541074,0.3756258797933027,0.4692245547998894
29,Raw,,,8,0.005,30,0.4655132661759481,0.358832754032525,0.46105403107471454
30,Raw,,,8,0.01,10,0.47433837151187747,0.36818970471320356,0.46089093480057974
31,Raw,,,8,0.01,15,0.476662630984597,0.3716974624977969,0.46530064508608315
32,Raw,,,8,0.01,30,0.46504240276790404,0.3579538112318254,0.46008439535329815
33,Raw,,,8,0.02,10,0.4703518644162295,0.3649792353299023,0.45742594873980325
34,Raw,,,8,0.02,15,0.4744464645193477,0.36789987235779953,0.46118122285535346
35,Raw,,,8,0.02,30,0.4606860737872016,0.35376351121679306,0.453831059326947
36,Raw,,,9,0.005,10,0.48286266309465126,0.3802478918092059,0.47228148275834225
37,Raw,,,9,0.005,15,0.4975456632866223,0.39291002456266905,0.48739451330921923
38,Raw,,,9,0.005,30,0.4826572295750794,0.3749615902940855,0.4792297279159171
39,Raw,,,9,0.01,10,0.481802596810315,0.3775928532227904,0.4698246790728965
40,Raw,,,9,0.01,15,0.4944952780209631,0.38893805769358436,0.4826249994872612
41,Raw,,,9,0.01,30,0.47867414184807977,0.37188937372031017,0.47532607094803814
42,Raw,,,9,0.02,10,0.4735928424506001,0.3708274340861025,0.46233063858407936
43,Raw,,,9,0.02,15,0.48627310990435824,0.38154910959219784,0.47492065697354047
44,Raw,,,9,0.02,30,0.4731319721750145,0.3673075439416424,0.469043876665295
45,Raw,,,10,0.005,10,0.47995475814465277,0.37563595168506625,0.467904241074
46,Raw,,,10,0.005,15,0.4895396122588706,0.3840187222238801,0.47844666855574774
47,Raw,,,10,0.005,30,0.4776287348459641,0.37232050693776486,0.4755284610521603
48,Raw,,,10,0.01,10,0.4762068300138015,0.3714035207723982,0.4635972524223167
49,Raw,,,10,0.01,15,0.4846294901617442,0.3802947080944034,0.4745314216192507
50,Raw,,,10,0.01,30,0.4747911731247288,0.3702025458110102,0.4727464451659354
51,Raw,,,10,0.02,10,0.471048803978759,0.3677263980641613,0.45973390543408693
52,Raw,,,10,0.02,15,0.4816935331427093,0.3764214338530879,0.4703338448367559
53,Raw,,,10,0.02,30,0.4701912147505462,0.3666050549458003,0.46635066906017614
54,Raw,,,15,0.005,10,0.48365840905855284,0.37950101866963604,0.47206943773510507
55,Raw,,,15,0.005,15,0.499087001434716,0.39321896846536997,0.48878679394288727
56,Raw,,,15,0.005,30,0.4874459440972518,0.38141445800140117,0.4850871742124598
57,Raw,,,15,0.01,10,0.4794435130291017,0.37500321600985603,0.4671291557687522
58,Raw,,,15,0.01,15,0.49355376468489043,0.3879961065058415,0.48279891779193373
59,Raw,,,15,0.01,30,0.4833484246441088,0.37594079370788497,0.47840740937385745
60,Raw,,,15,0.02,10,0.471701861887521,0.368753401682417,0.4604755230365959
61,Raw,,,15,0.02,15,0.48647963825787893,0.38180437895177627,0.47597168905632836
62,Raw,,,15,0.02,30,0.4761653993647819,0.3696602262101374,0.47139322460022604
63,Normalized,,,3,0.005,10,0.47493952167344233,0.3685487434821691,0.46125717185302106
64,Normalized,,,3,0.005,15,0.4669550737722011,0.3585633827010123,0.4523956502816371
65,Normalized,,,3,0.005,30,0.42487651028571116,0.32086600292957396,0.4182605064238201
66,Normalized,,,3,0.01,10,0.47505335708974644,0.3694414491213176,0.4618398549145433
67,Normalized,,,3,0.01,15,0.4663762110373194,0.3582980831081075,0.45223071673626497
68,Normalized,,,3,0.01,30,0.4237089854034336,0.3197752147175329,0.41784477791558616
69,Normalized,,,3,0.02,10,0.47386985646923174,0.36888843639904784,0.4614609115124663
70,Normalized,,,3,0.02,15,0.4668529843736346,0.36033062174001357,0.4533491861586064
71,Normalized,,,3,0.02,30,0.4262947362300116,0.32329192352704206,0.42051997190266077
72,Normalized,,,6,0.005,10,0.4810684482651707,0.37950396576110795,0.4711250400774543
73,Normalized,,,6,0.005,15,0.4911421702722917,0.38889694127494734,0.48428335229503106
74,Normalized,,,6,0.005,30,0.4635230510329639,0.35706858632454597,0.45978845864043316
75,Normalized,,,6,0.01,10,0.4776537371732342,0.3763746856808164,0.46807558458229215
76,Normalized,,,6,0.01,15,0.49065702878847955,0.3870758476178997,0.48197256451866843
77,Normalized,,,6,0.01,30,0.4614044503146322,0.35666793269074326,0.4587005062736827
78,Normalized,,,6,0.02,10,0.4706195913039909,0.36887453575352186,0.46035145491039753
79,Normalized,,,6,0.02,15,0.48731060112054614,0.3824985005866814,0.4768358677668414
80,Normalized,,,6,0.02,30,0.46362878096255133,0.35804996154967667,0.4587035926099496
81,Normalized,,,7,0.005,10,0.48056088624840854,0.37616936560085745,0.46956566046486614
82,Normalized,,,7,0.005,15,0.4858957081942809,0.3799833971500638,0.4750927603079262
83,Normalized,,,7,0.005,30,0.4597980419230077,0.3564583219055625,0.4577441739241527
84,Normalized,,,7,0.01,10,0.47681252896169013,0.3736517386862322,0.4667818960727823
85,Normalized,,,7,0.01,15,0.4826128236328667,0.37734061070279984,0.47205516640657585
86,Normalized,,,7,0.01,30,0.4609742322327772,0.35605932933826795,0.45678406511761915
87,Normalized,,,7,0.02,10,0.4739840410129391,0.3708786615116745,0.4637730178525176
88,Normalized,,,7,0.02,15,0.4795780617598699,0.37368877021581925,0.46799888792536415
89,Normalized,,,7,0.02,30,0.4617830105192972,0.35899165984796494,0.4578385751303576
90,Normalized,,,8,0.005,10,0.47831804846624343,0.3712366531040793,0.4641057344178675
91,Normalized,,,8,0.005,15,0.47982850623162576,0.37567491017094184,0.469300250469401
92,Normalized,,,8,0.005,30,0.46528219947972216,0.3588808769446931,0.46096287430019134
93,Normalized,,,8,0.01,10,0.47598568585595746,0.36892019910914187,0.4618358781174516
94,Normalized,,,8,0.01,15,0.4764201425584945,0.37165390277699173,0.4650147968538785
95,Normalized,,,8,0.01,30,0.4650365176791752,0.358051616963489,0.4601293508531851
96,Normalized,,,8,0.02,10,0.4702346949069104,0.36461867537760223,0.4571716945593563
97,Normalized,,,8,0.02,15,0.47373785118935785,0.3674759682997795,0.46059279093861766
98,Normalized,,,8,0.02,30,0.4616259537569092,0.35455947629871815,0.4545548206617108
99,Normalized,,,9,0.005,10,0.48309908273939256,0.37963066245955307,0.4720236057470803
100,Normalized,,,9,0.005,15,0.4973135738010452,0.3927701824999897,0.4872481683998558
101,Normalized,,,9,0.005,30,0.4820729847461407,0.37424636449022114,0.478703024661202
102,Normalized,,,9,0.01,10,0.48168108880716465,0.3772427187758776,0.4693967859953335
103,Normalized,,,9,0.01,15,0.4949643701817493,0.3893121625186876,0.4830391753684123
104,Normalized,,,9,0.01,30,0.47878343225271197,0.3721160909262232,0.47536078618321537
105,Normalized,,,9,0.02,10,0.4740572098050757,0.37078938672457407,0.46213634062683384
106,Normalized,,,9,0.02,15,0.4859200647046974,0.3811152302501406,0.474340015248238
107,Normalized,,,9,0.02,30,0.47359972760758906,0.3676896176382506,0.4693620620259315
108,Normalized,,,10,0.005,10,0.47995640290986585,0.3753898571658022,0.46772569987042056
109,Normalized,,,10,0.005,15,0.4891804852524926,0.38412719280392915,0.4784080401332774
110,Normalized,,,10,0.005,30,0.4777420640420929,0.3723656057183721,0.4758019830275897
111,Normalized,,,10,0.01,10,0.4758571945062783,0.3710036855257609,0.46334066229883764
112,Normalized,,,10,0.01,15,0.4845089931337589,0.3801129727889907,0.4743398659633072
113,Normalized,,,10,0.01,30,0.47396436305939516,0.36951043156425245,0.47208803941341626
114,Normalized,,,10,0.02,10,0.47116465301072613,0.3674880825058479,0.4596873323055656
115,Normalized,,,10,0.02,15,0.4824020663135614,0.3768881132679302,0.47078795490477826
116,Normalized,,,10,0.02,30,0.47007413721455105,0.3664599041435784,0.4662667293748662
117,Normalized,,,15,0.005,10,0.4838909552158947,0.3796716467162442,0.47245775421547515
118,Normalized,,,15,0.005,15,0.49908442761379385,0.3928936165432614,0.4883985177668553
119,Normalized,,,15,0.005,30,0.48662799738856827,0.3806652282384979,0.4843423651888723
120,Normalized,,,15,0.01,10,0.47920315812635816,0.3746150130823267,0.4666274622440575
121,Normalized,,,15,0.01,15,0.4937876051455305,0.3883860967901035,0.483003454895971
122,Normalized,,,15,0.01,30,0.4826459863053299,0.37587649821639774,0.4784618762504884
123,Normalized,,,15,0.02,10,0.4709939723065695,0.36810954096398707,0.4596547415289306
124,Normalized,,,15,0.02,15,0.4853013490641452,0.3812360676048597,0.4751996903087433
125,Normalized,,,15,0.02,30,0.47616878421737735,0.3700930227680138,0.4714247407794593
126,tfidf,,,3,0.005,10,0.4750546905924544,0.3689893679148737,0.4615760899087505
127,tfidf,,,3,0.005,15,0.4668393348480773,0.35854501705670183,0.45230748761715384
128,tfidf,,,3,0.005,30,0.42580826246199327,0.3209974822393835,0.4189050900820456
129,tfidf,,,3,0.01,10,0.47540498661322783,0.36907660094740863,0.46163268238990635
130,tfidf,,,3,0.01,15,0.4663753101699979,0.358162316137223,0.45212722148415996
131,tfidf,,,3,0.01,30,0.4258246943333154,0.32062681450746744,0.41885408166413907
132,tfidf,,,3,0.02,10,0.47304005297294544,0.368656736442093,0.46098542850257174
133,tfidf,,,3,0.02,15,0.46696969008769196,0.36054718764071614,0.45332250712452427
134,tfidf,,,3,0.02,30,0.4252344782135088,0.323368707598703,0.42043895125714953
135,tfidf,,,6,0.005,10,0.4809476711345558,0.37906460597490943,0.47075638366235123
136,tfidf,,,6,0.005,15,0.4917240014752419,0.3893131510844922,0.4846055267887025
137,tfidf,,,6,0.005,30,0.4623454191269768,0.35641673580308153,0.4590294604847995
138,tfidf,,,6,0.01,10,0.47753296004261925,0.3758171910703774,0.4676261523942566
139,tfidf,,,6,0.01,15,0.4903021387567719,0.38706222213742353,0.4821111595645191
140,tfidf,,,6,0.01,30,0.4610492801802949,0.35669926804514895,0.45875804404227283
141,tfidf,,,6,0.02,10,0.47085272438979403,0.369272597902398,0.46076783136066135
142,tfidf,,,6,0.02,15,0.4870744746037904,0.38264467228716975,0.477041250060931
143,tfidf,,,6,0.02,30,0.4632888693917618,0.3582932449907888,0.4586317326178529
144,tfidf,,,7,0.005,10,0.48009490407742544,0.3764419610997434,0.46974796486226256
145,tfidf,,,7,0.005,15,0.486129897905666,0.3800672664342874,0.47479820422738905
146,tfidf,,,7,0.005,30,0.4600281818318738,0.35615607435910757,0.45757245624535525
147,tfidf,,,7,0.01,10,0.47810384052572097,0.3747250114537109,0.46789522272214323
148,tfidf,,,7,0.01,15,0.4826115227552196,0.3772737913513488,0.4720269310109352
149,tfidf,,,7,0.01,30,0.4597945965109794,0.3556229947739912,0.45613592185459684
150,tfidf,,,7,0.02,10,0.47457712516214945,0.3710718111008108,0.46387115362943643
151,tfidf,,,7,0.02,15,0.47921396892061974,0.3732253930808387,0.4671874705170402
152,tfidf,,,7,0.02,30,0.4620104404486856,0.3589283783873049,0.457601680242834
153,tfidf,,,8,0.005,10,0.4793733038728038,0.3721579812519553,0.4649401287715104
154,tfidf,,,8,0.005,15,0.4797164550879356,0.37566593640571416,0.46921250042665646
155,tfidf,,,8,0.005,30,0.464812756857021,0.35860661865880383,0.4606725751464721
156,tfidf,,,8,0.01,10,0.474924803849259,0.36879913221251404,0.46138176756856
157,tfidf,,,8,0.01,15,0.47665646256773486,0.3716588710555631,0.46529326569214885
158,tfidf,,,8,0.01,30,0.46538916797767405,0.35894008874432703,0.46065275446233
159,tfidf,,,8,0.02,10,0.46999345337337106,0.3646700404392032,0.457139871300315
160,tfidf,,,8,0.02,15,0.4737350070656584,0.36716049292279207,0.4604160904042571
161,tfidf,,,8,0.02,30,0.46162596234559183,0.354465274798706,0.4545525344964905
162,tfidf,,,9,0.005,10,0.4836863651845154,0.37995125899108156,0.4723489155108835
163,tfidf,,,9,0.005,15,0.49719471831276935,0.39268752961649006,0.4872452813203754
164,tfidf,,,9,0.005,30,0.4828937833640425,0.37517929512693976,0.47954097232046317
165,tfidf,,,9,0.01,10,0.48144591928049,0.3776494689624517,0.46983451961685285
166,tfidf,,,9,0.01,15,0.49426061793996723,0.38936781801039033,0.48274091780757955
167,tfidf,,,9,0.01,30,0.479852817354293,0.37234875380400073,0.4758893800966423
168,tfidf,,,9,0.02,10,0.47358371322784637,0.3707138586867187,0.46207817439451304
169,tfidf,,,9,0.02,15,0.48521468515973165,0.38053197025474017,0.4739917043114743
170,tfidf,,,9,0.02,30,0.4727727436494756,0.36693542581086913,0.4686216819787436
171,tfidf,,,10,0.005,10,0.4801886677534083,0.3757370810463456,0.46813905213027096
172,tfidf,,,10,0.005,15,0.4892982365811095,0.3838497785696684,0.4784257872450602
173,tfidf,,,10,0.005,30,0.4778605474544152,0.371749421708899,0.47525262327957574
174,tfidf,,,10,0.01,10,0.47655736195197296,0.37135980936573915,0.4634975749121377
175,tfidf,,,10,0.01,15,0.48532741464872664,0.3809380570218278,0.47504843656987783
176,tfidf,,,10,0.01,30,0.47443992723737144,0.36963444233943693,0.4721601550939182
177,tfidf,,,10,0.02,10,0.47140008102599174,0.36767287196295967,0.4597866136715581
178,tfidf,,,10,0.02,15,0.48180987859499924,0.3766049261614275,0.47062212189579516
179,tfidf,,,10,0.02,30,0.4706622241169981,0.36691530451826704,0.4668637754768805
180,tfidf,,,15,0.005,10,0.4838923296783307,0.3793002718305841,0.4720760227884077
181,tfidf,,,15,0.005,15,0.49955421948723994,0.3935204373969766,0.4892690229722188
182,tfidf,,,15,0.005,30,0.48638826325051676,0.38094772475146393,0.4843672985644483
183,tfidf,,,15,0.01,10,0.47909206062390364,0.37496666078292507,0.4673079761574221
184,tfidf,,,15,0.01,15,0.49296163538808563,0.3870226511094309,0.4817941673915005
185,tfidf,,,15,0.01,30,0.48264693672106207,0.37541249611367,0.47789122857279454
186,tfidf,,,15,0.02,10,0.4715857229530718,0.3687345385642744,0.46047350430533285
187,tfidf,,,15,0.02,15,0.48624394437650953,0.38171823269296073,0.4756997613275483
188,tfidf,,,15,0.02,30,0.47593225647912635,0.3695911768727163,0.47123053126078107
189,bm25,50.0,0.75,3,0.005,10,0.47517717841089435,0.36848948290412836,0.46110223250576643
190,bm25,50.0,0.75,3,0.005,15,0.4667205119848624,0.3583920970710267,0.45208129836369854
191,bm25,50.0,0.75,3,0.005,30,0.426285197876902,0.32171928408433753,0.4192407307231987
192,bm25,50.0,0.75,3,0.01,10,0.47469882731980617,0.368870363521756,0.4610937346940697
193,bm25,50.0,0.75,3,0.01,15,0.4675483590760732,0.3590951089814411,0.4530642902598956
194,bm25,50.0,0.75,3,0.01,30,0.42464121117483006,0.31992700832787396,0.4181613936933686
195,bm25,50.0,0.75,3,0.02,10,0.47422188277753496,0.369308757375695,0.46177785136630034
196,bm25,50.0,0.75,3,0.02,15,0.4663745187380296,0.3602671394441897,0.45312131355698193
197,bm25,50.0,0.75,3,0.02,30,0.4242926451875709,0.3220863213608137,0.41934897839357593
198,bm25,50.0,0.75,6,0.005,10,0.4807204133376291,0.37939695562127357,0.47111542177177357
199,bm25,50.0,0.75,6,0.005,15,0.49149080783000604,0.3886543023473551,0.4839751890961385
200,bm25,50.0,0.75,6,0.005,30,0.4625879811378682,0.35653952332913497,0.45928193176626503
201,bm25,50.0,0.75,6,0.01,10,0.47871272990863883,0.3770321484208161,0.4687084527374341
202,bm25,50.0,0.75,6,0.01,15,0.49088872806358375,0.38757570310942285,0.4824619870861572
203,bm25,50.0,0.75,6,0.01,30,0.46080947245745457,0.35671537436636813,0.45848958920213156
204,bm25,50.0,0.75,6,0.02,10,0.47097073098149844,0.3690843189427945,0.46053288579048113
205,bm25,50.0,0.75,6,0.02,15,0.48660385544781154,0.3825908107014804,0.4768065920895285
206,bm25,50.0,0.75,6,0.02,30,0.4642328489664146,0.35867732997240903,0.45956204238152526
207,bm25,50.0,0.75,7,0.005,10,0.47997698087036245,0.37607708410475815,0.4698401681905053
208,bm25,50.0,0.75,7,0.005,15,0.4860120450578883,0.38026779029894875,0.47504867911643966
209,bm25,50.0,0.75,7,0.005,30,0.459561828796107,0.35606443647686903,0.4571671722095333
210,bm25,50.0,0.75,7,0.01,10,0.4773961939856647,0.3739596247086882,0.46703686510270737
211,bm25,50.0,0.75,7,0.01,15,0.4823796807472112,0.3770576776512395,0.4715660666579863
212,bm25,50.0,0.75,7,0.01,30,0.4596795975867535,0.3555709878433416,0.45595245348620017
213,bm25,50.0,0.75,7,0.02,10,0.4743440935955071,0.3710077009059385,0.46373408637734104
214,bm25,50.0,0.75,7,0.02,15,0.47933701694431885,0.37334670343587134,0.4674023071674078
215,bm25,50.0,0.75,7,0.02,30,0.46107543433852627,0.35834069650311484,0.45709825138734494
216,bm25,50.0,0.75,8,0.005,10,0.4791394666376673,0.3719073655062838,0.46454501353594824
217,bm25,50.0,0.75,8,0.005,15,0.48006967216604257,0.37573116184399485,0.4693818584218725
218,bm25,50.0,0.75,8,0.005,30,0.46586925258179573,0.35896968705683246,0.4611763314410953
219,bm25,50.0,0.75,8,0.01,10,0.47445074706677043,0.36865754728736844,0.4612673651158786
220,bm25,50.0,0.75,8,0.01,15,0.4770108822298318,0.3721094787886522,0.46545114970022283
221,bm25,50.0,0.75,8,0.01,30,0.4650381461935287,0.3584913379079301,0.46057695201785726
222,bm25,50.0,0.75,8,0.02,10,0.4699983488469578,0.3648458164213932,0.4569269720948208
223,bm25,50.0,0.75,8,0.02,15,0.4743287544044742,0.36745711450661067,0.4607968945792928
224,bm25,50.0,0.75,8,0.02,30,0.46174345291726854,0.3547281140334314,0.45485040510614344
225,bm25,50.0,0.75,9,0.005,10,0.48333266148593806,0.3798222305751041,0.47212370267684634
226,bm25,50.0,0.75,9,0.005,15,0.49742891782400694,0.3927681237425721,0.4874289318946253
227,bm25,50.0,0.75,9,0.005,30,0.4828970176982149,0.37508576992871323,0.4792762226221958
228,bm25,50.0,0.75,9,0.01,10,0.4815631246403737,0.3771922987829144,0.46955918976169037
229,bm25,50.0,0.75,9,0.01,15,0.4942593678219006,0.3889805932620348,0.48245487385335306
230,bm25,50.0,0.75,9,0.01,30,0.4792575593944857,0.372550598625759,0.47585143586394574
231,bm25,50.0,0.75,9,0.02,10,0.47288147160705574,0.3704781796096198,0.4617618453002585
232,bm25,50.0,0.75,9,0.02,15,0.4856778531557208,0.38126935405585416,0.4746495171526274
233,bm25,50.0,0.75,9,0.02,30,0.47277659552283646,0.366938284508641,0.4687694657428307
234,bm25,50.0,0.75,10,0.005,10,0.4804284018914598,0.37558940659790063,0.4680446231232109
235,bm25,50.0,0.75,10,0.005,15,0.4889483847558932,0.38371776942168345,0.4782719231021256
236,bm25,50.0,0.75,10,0.005,30,0.47798026795944815,0.37210014330706603,0.4755691969914257
237,bm25,50.0,0.75,10,0.01,10,0.476203998915458,0.3711984313901649,0.463605521671394
238,bm25,50.0,0.75,10,0.01,15,0.4839242616843499,0.3798016786555929,0.47410700355759
239,bm25,50.0,0.75,10,0.01,30,0.4739674612350121,0.369955933137775,0.4724257776090064
240,bm25,50.0,0.75,10,0.02,10,0.471521477710129,0.3680517778606075,0.46040135567577184
241,bm25,50.0,0.75,10,0.02,15,0.4826333513418143,0.37722203595734927,0.4711689128118766
242,bm25,50.0,0.75,10,0.02,30,0.47019164738593267,0.3664605020316073,0.4663875922325351
243,bm25,50.0,0.75,15,0.005,10,0.4837731649418835,0.38003253688039285,0.47246072639439
244,bm25,50.0,0.75,15,0.005,15,0.49943683043472403,0.39336401830446677,0.4888721620535943
245,bm25,50.0,0.75,15,0.005,30,0.4863872424754992,0.38072498374199304,0.4843700035349271
246,bm25,50.0,0.75,15,0.01,10,0.47908627851952107,0.37509245616163545,0.4671348565490602
247,bm25,50.0,0.75,15,0.01,15,0.49402185541634847,0.38811809135152847,0.4828855162746096
248,bm25,50.0,0.75,15,0.01,30,0.48287982232929655,0.37581868335602314,0.47828682725497595
249,bm25,50.0,0.75,15,0.02,10,0.4724099312631112,0.3688985848586882,0.4605086981990188
250,bm25,50.0,0.75,15,0.02,15,0.48553214747192774,0.38131465411938226,0.47528149610430626
251,bm25,50.0,0.75,15,0.02,30,0.4765192555961161,0.36988049983375326,0.47154624181049476
252,bm25,50.0,1.0,3,0.005,10,0.4743507122331268,0.36809448256527955,0.4607355906771596
253,bm25,50.0,1.0,3,0.005,15,0.4666024416082216,0.35832270275775924,0.4522156068818563
254,bm25,50.0,1.0,3,0.005,30,0.42534076430683976,0.3209106545306294,0.4188778123993897
255,bm25,50.0,1.0,3,0.01,10,0.47576056655774296,0.3696956345759239,0.4623289328368145
256,bm25,50.0,1.0,3,0.01,15,0.4671958319107736,0.3586789573294375,0.45265092878164676
257,bm25,50.0,1.0,3,0.01,30,0.42465040297135037,0.31991493122702697,0.41812151467456593
258,bm25,50.0,1.0,3,0.02,10,0.47386477261232357,0.3692685128860293,0.46160008720475015
259,bm25,50.0,1.0,3,0.02,15,0.4656710009484602,0.3595655044614398,0.4524908568294914
260,bm25,50.0,1.0,3,0.02,30,0.42687878099211674,0.3236140056783596,0.4207197016279841
261,bm25,50.0,1.0,6,0.005,10,0.4810719692763216,0.3791880365056557,0.4708822351036078
262,bm25,50.0,1.0,6,0.005,15,0.49136673903128936,0.38890521339622997,0.48382311494642644
263,bm25,50.0,1.0,6,0.005,30,0.4636421507733049,0.35751279680042436,0.46008522035278177
264,bm25,50.0,1.0,6,0.01,10,0.47883072670049076,0.37690726725546914,0.46857691350065994
265,bm25,50.0,1.0,6,0.01,15,0.49053587003607424,0.3872290657427112,0.48199707867150654
266,bm25,50.0,1.0,6,0.01,30,0.4615158546429183,0.35662901268413616,0.45861490511119607
267,bm25,50.0,1.0,6,0.02,10,0.4708532813695497,0.36902858463513777,0.4606234640045207
268,bm25,50.0,1.0,6,0.02,15,0.48684198900588144,0.38192090352536057,0.4763765094439207
269,bm25,50.0,1.0,6,0.02,30,0.46293097759443463,0.35812482130378637,0.4586443306506725
270,bm25,50.0,1.0,7,0.005,10,0.4800974680984953,0.3756548514445422,0.4689575336701507
271,bm25,50.0,1.0,7,0.005,15,0.4853087696367241,0.3792520334200936,0.47425340212585543
272,bm25,50.0,1.0,7,0.005,30,0.46108134023812986,0.35679875144667,0.45815205448904955
273,bm25,50.0,1.0,7,0.01,10,0.4773984877039574,0.3744924097817666,0.46755779223603666
274,bm25,50.0,1.0,7,0.01,15,0.48331541772990605,0.37750035079520294,0.4723095656797576
275,bm25,50.0,1.0,7,0.01,30,0.46026585482018545,0.35565217372460034,0.4562274970515795
276,bm25,50.0,1.0,7,0.02,10,0.4743385675573757,0.37098846597222335,0.46380246068079833
277,bm25,50.0,1.0,7,0.02,15,0.47839457739021485,0.3728488959227127,0.46691180281893435
278,bm25,50.0,1.0,7,0.02,30,0.46107611445148117,0.3585057420599368,0.457224190253101
279,bm25,50.0,1.0,8,0.005,10,0.4784338974982106,0.3715228452587729,0.46424824641571094
280,bm25,50.0,1.0,8,0.005,15,0.4807730297606782,0.3765626613991393,0.4699872031783383
281,bm25,50.0,1.0,8,0.005,30,0.46469344737333584,0.3582667397412575,0.46027791059777334
282,bm25,50.0,1.0,8,0.01,10,0.47492474328982615,0.3685099851866082,0.46128756293397555
283,bm25,50.0,1.0,8,0.01,15,0.476656072357262,0.37184162739177656,0.4653557478271292
284,bm25,50.0,1.0,8,0.01,30,0.46527346167861117,0.35882310975844456,0.46080025188725615
285,bm25,50.0,1.0,8,0.02,10,0.4701188934090199,0.36498458916348414,0.4573824512737647
286,bm25,50.0,1.0,8,0.02,15,0.47373737436874,0.3673213386574733,0.46059309617565863
287,bm25,50.0,1.0,8,0.02,30,0.4613912188799546,0.3543027753839369,0.4543857163684007
288,bm25,50.0,1.0,9,0.005,10,0.48380588239721123,0.38047149868615776,0.4728245685313818
289,bm25,50.0,1.0,9,0.005,15,0.49742828725946237,0.39276911404071957,0.4874063866457967
290,bm25,50.0,1.0,9,0.005,30,0.4826598541555821,0.37487665488301836,0.4789362415993315
291,bm25,50.0,1.0,9,0.01,10,0.481334500715678,0.37723092357491617,0.4695480310129948
292,bm25,50.0,1.0,9,0.01,15,0.4952033375967009,0.3897095154828685,0.48323783308284296
293,bm25,50.0,1.0,9,0.01,30,0.4791419904651482,0.3717553840109513,0.47529927864652616
294,bm25,50.0,1.0,9,0.02,10,0.4728853430801216,0.3698654059023797,0.4614972292577084
295,bm25,50.0,1.0,9,0.02,15,0.4858056723086376,0.381120020353103,0.4743504742733834
296,bm25,50.0,1.0,9,0.02,30,0.47383461703163404,0.3673423521763659,0.4690250814673281
297,bm25,50.0,1.0,10,0.005,10,0.4800701205561495,0.3754777810465114,0.46783683144147015
298,bm25,50.0,1.0,10,0.005,15,0.4894145506195084,0.38391273423995587,0.4783216249770036
299,bm25,50.0,1.0,10,0.005,30,0.4776300259237587,0.37213805739117634,0.47541917707701586
300,bm25,50.0,1.0,10,0.01,10,0.4759704103690602,0.3713095318964831,0.4634574539554087
301,bm25,50.0,1.0,10,0.01,15,0.4836826664633921,0.3797252796800976,0.47392246024185214
302,bm25,50.0,1.0,10,0.01,30,0.474202134341364,0.3696136718623481,0.4722035836212881
303,bm25,50.0,1.0,10,0.02,10,0.47151633986813674,0.368093295517324,0.4600469873169611
304,bm25,50.0,1.0,10,0.02,15,0.48169347258327644,0.3765573072496439,0.47049053995666223
305,bm25,50.0,1.0,10,0.02,30,0.471015606753218,0.36715518645726697,0.4669254381006985
306,bm25,50.0,1.0,15,0.005,10,0.48342463359401916,0.379385530083452,0.47196846792447456
307,bm25,50.0,1.0,15,0.005,15,0.49955379665170596,0.3936455898324083,0.489411170921987
308,bm25,50.0,1.0,15,0.005,30,0.48674413632301744,0.3809689964265438,0.4844840667720109
309,bm25,50.0,1.0,15,0.01,10,0.4793242153596027,0.3751174504571625,0.4672442003771967
310,bm25,50.0,1.0,15,0.01,15,0.4942570205063497,0.38835086081600856,0.48333135901128726
311,bm25,50.0,1.0,15,0.01,30,0.4831144954356484,0.37587986312308164,0.4784683411716492
312,bm25,50.0,1.0,15,0.02,10,0.47146931694134897,0.3686158514933145,0.4602972801101619
313,bm25,50.0,1.0,15,0.02,15,0.48506045141817183,0.3810187143640732,0.47478353675618834
314,bm25,50.0,1.0,15,0.02,30,0.4753507659382386,0.3694440810013039,0.471075977332765
315,bm25,100.0,0.75,3,0.005,10,0.4738793752299684,0.3681478796737559,0.4607721098562368
316,bm25,100.0,0.75,3,0.005,15,0.465197358412823,0.3579304979724682,0.4514015539038354
317,bm25,100.0,0.75,3,0.005,30,0.42475612269307933,0.3205262162240111,0.41827902639596476
318,bm25,100.0,0.75,3,0.01,10,0.47575238452521784,0.3695599553712646,0.4621415909598423
319,bm25,100.0,0.75,3,0.01,15,0.46685062808157535,0.3586593732459219,0.45267591419277087
320,bm25,100.0,0.75,3,0.01,30,0.42511366737733686,0.320276136058396,0.41870554626313233
321,bm25,100.0,0.75,3,0.02,10,0.47386871645900835,0.3691516058222719,0.4616650154452165
322,bm25,100.0,0.75,3,0.02,15,0.46684923615711,0.3601689322086867,0.4530874672131816
323,bm25,100.0,0.75,3,0.02,30,0.4260584343552905,0.3233488489190307,0.4207034924469399
324,bm25,100.0,0.75,6,0.005,10,0.4805957549340959,0.3791822007638363,0.47095397612279283
325,bm25,100.0,0.75,6,0.005,15,0.4904314267677884,0.3882607551154251,0.4835554158563298
326,bm25,100.0,0.75,6,0.005,30,0.46269400780877046,0.3569204408603842,0.45948770038113357
327,bm25,100.0,0.75,6,0.01,10,0.4798877176344184,0.3774936472854827,0.46921121935077936
328,bm25,100.0,0.75,6,0.01,15,0.4918318099964184,0.3878498864143255,0.48255400994548764
329,bm25,100.0,0.75,6,0.01,30,0.4611688071928432,0.35702486492906643,0.4588847374625523
330,bm25,100.0,0.75,6,0.02,10,0.4706146632053431,0.36885653213284825,0.4604607860427158
331,bm25,100.0,0.75,6,0.02,15,0.487193431611227,0.38258693556501683,0.477114206789767
332,bm25,100.0,0.75,6,0.02,30,0.4629288936194863,0.3576451548022955,0.45802870270797247
333,bm25,100.0,0.75,7,0.005,10,0.4800911074003184,0.3756907487733568,0.4691464871666519
334,bm25,100.0,0.75,7,0.005,15,0.4853082192313174,0.3800464470720594,0.4747499533247404
335,bm25,100.0,0.75,7,0.005,30,0.4597920013300342,0.3565830194440833,0.4576757248326295
336,bm25,100.0,0.75,7,0.01,10,0.4776333771280024,0.37426290680393853,0.46733769986932555
337,bm25,100.0,0.75,7,0.01,15,0.4827307500654334,0.37732328637476187,0.472037714218218
338,bm25,100.0,0.75,7,0.01,30,0.4594429194534212,0.35548515862603675,0.4560921321695811
339,bm25,100.0,0.75,7,0.02,10,0.4748098582376271,0.3711461489146164,0.4639404309662214
340,bm25,100.0,0.75,7,0.02,15,0.47945314607891554,0.3737867523291622,0.46771835081819935
341,bm25,100.0,0.75,7,0.02,30,0.4613094997055421,0.3584984054164548,0.45719496840523305
342,bm25,100.0,0.75,8,0.005,10,0.4790262885091098,0.3714873522784005,0.46460998997896075
343,bm25,100.0,0.75,8,0.005,15,0.4800664906057842,0.3757836193035491,0.46959768384097555
344,bm25,100.0,0.75,8,0.005,30,0.46563304925474763,0.3589491728670123,0.4609362840575949
345,bm25,100.0,0.75,8,0.01,10,0.4745722075358441,0.36821899840267835,0.4609305382669719
346,bm25,100.0,0.75,8,0.01,15,0.47748073143720726,0.3723347598418648,0.465856586863587
347,bm25,100.0,0.75,8,0.01,30,0.4657451016096076,0.35903047934725196,0.4607822579645939
348,bm25,100.0,0.75,8,0.02,10,0.47035165789838873,0.36520376842465285,0.4576159362902893
349,bm25,100.0,0.75,8,0.02,15,0.47362393896276134,0.3670735513014659,0.46026978805719665
350,bm25,100.0,0.75,8,0.02,30,0.4618603045897337,0.3548080431709945,0.45477574100057583
351,bm25,100.0,0.75,9,0.005,10,0.4826282472657205,0.3796261489314034,0.47182552391153887
352,bm25,100.0,0.75,9,0.005,15,0.49719078305476716,0.39275121184678247,0.48730109974875846
353,bm25,100.0,0.75,9,0.005,30,0.483948344421122,0.3756922945675802,0.47993915041191537
354,bm25,100.0,0.75,9,0.01,10,0.48180144310224565,0.3774502738966291,0.46961852423704303
355,bm25,100.0,0.75,9,0.01,15,0.4941421247277925,0.3889624937855614,0.48268870649070433
356,bm25,100.0,0.75,9,0.01,30,0.4790231663907635,0.3719057223606975,0.4755316839391
357,bm25,100.0,0.75,9,0.02,10,0.4727669332525881,0.3699770886744157,0.46152774101093447
358,bm25,100.0,0.75,9,0.02,15,0.4862714975101904,0.3813709889994342,0.4745784939672804
359,bm25,100.0,0.75,9,0.02,30,0.4731282206096445,0.3671382590562261,0.46875674139775036
360,bm25,100.0,0.75,10,0.005,10,0.47983352044427957,0.37552940856080574,0.46792723833924177
361,bm25,100.0,0.75,10,0.005,15,0.4889454207244979,0.3832969056867739,0.47778477805155584
362,bm25,100.0,0.75,10,0.005,30,0.4782116591975508,0.372381394997735,0.4759314783257434
363,bm25,100.0,0.75,10,0.01,10,0.4762044855359284,0.37134603729692456,0.46377166916901996
364,bm25,100.0,0.75,10,0.01,15,0.4850931872031173,0.3808067714435849,0.4748324309136576
365,bm25,100.0,0.75,10,0.01,30,0.474203104356801,0.3697394646949604,0.47215812357999987
366,bm25,100.0,0.75,10,0.02,10,0.47163766417865494,0.3677793819322643,0.459693982812768
367,bm25,100.0,0.75,10,0.02,15,0.4819275756845167,0.3769843015708697,0.4708474238881163
368,bm25,100.0,0.75,10,0.02,30,0.47054498759723906,0.3668604209375257,0.466843446284566
369,bm25,100.0,0.75,15,0.005,10,0.48342164016306644,0.37951930468289025,0.4721131105235414
370,bm25,100.0,0.75,15,0.005,15,0.499201610148469,0.39301315477307386,0.4885360476886468
371,bm25,100.0,0.75,15,0.005,30,0.4866259232134723,0.38111158182379795,0.4846651280026446
372,bm25,100.0,0.75,15,0.01,10,0.4793252361346202,0.37515867852022616,0.46726413749256945
373,bm25,100.0,0.75,15,0.01,15,0.4935501009408352,0.3873293117157816,0.48215536173149653
374,bm25,100.0,0.75,15,0.01,30,0.48264542932557425,0.3756531594768199,0.47810480796115495
375,bm25,100.0,0.75,15,0.02,10,0.4712290584486027,0.36853843432609457,0.46000004828534663
376,bm25,100.0,0.75,15,0.02,15,0.48612275421021317,0.3819625554538662,0.4759612220145352
377,bm25,100.0,0.75,15,0.02,30,0.47593530066965933,0.36961461525456507,0.47114385153196786
378,bm25,100.0,1.0,3,0.005,10,0.47388026307193404,0.3683663030661912,0.4607400921029898
379,bm25,100.0,1.0,3,0.005,15,0.4667241659290651,0.3583122645464056,0.451976397830653
380,bm25,100.0,1.0,3,0.005,30,0.42510683509837943,0.3205263638642661,0.41828265099367334
381,bm25,100.0,1.0,3,0.01,10,0.47600030069579446,0.36999198697736013,0.46258975611858466
382,bm25,100.0,1.0,3,0.01,15,0.4688386368397305,0.36024287386023646,0.4539546498128192
383,bm25,100.0,1.0,3,0.01,30,0.424527356158821,0.32011966491473876,0.4180944029825141
384,bm25,100.0,1.0,3,0.02,10,0.47280424965622264,0.3685361898956324,0.46084819693972773
385,bm25,100.0,1.0,3,0.02,15,0.4655581993325296,0.359748089230114,0.4525975648138356
386,bm25,100.0,1.0,3,0.02,30,0.4254663104216648,0.32310681749638315,0.42035592878323114
387,bm25,100.0,1.0,6,0.005,10,0.48047754839889967,0.3788831230143754,0.4706626202993106
388,bm25,100.0,1.0,6,0.005,15,0.49137072061219855,0.3887709887297369,0.48406887287386996
389,bm25,100.0,1.0,6,0.005,30,0.46270522423197613,0.3566004832676739,0.4591702552617541
390,bm25,100.0,1.0,6,0.01,10,0.47894607931213506,0.3770448227738584,0.4688809453603108
391,bm25,100.0,1.0,6,0.01,15,0.4913612872504368,0.38782780529896643,0.4830198094255696
392,bm25,100.0,1.0,6,0.01,30,0.46104450905107736,0.35644512235446635,0.45852662836694735
393,bm25,100.0,1.0,6,0.02,10,0.47085985959658966,0.3693319077042886,0.4608270416441848
394,bm25,100.0,1.0,6,0.02,15,0.48707113728527174,0.3824279802197617,0.47677892632564783
395,bm25,100.0,1.0,6,0.02,30,0.46269636827301913,0.3573787486757435,0.45800824507656374
396,bm25,100.0,1.0,7,0.005,10,0.4809161189565123,0.37631518967270355,0.4700172361437532
397,bm25,100.0,1.0,7,0.005,15,0.4858941909989407,0.38017631548128633,0.4751298067367742
398,bm25,100.0,1.0,7,0.005,30,0.4603830392385205,0.3569147004160412,0.4581408380558809
399,bm25,100.0,1.0,7,0.01,10,0.47763309702537277,0.3744465250608216,0.46760133551529526
400,bm25,100.0,1.0,7,0.01,15,0.48296459588925245,0.3773072685523514,0.4719411609077298
401,bm25,100.0,1.0,7,0.01,30,0.4605031264563279,0.35608761476086837,0.45655315861892715
402,bm25,100.0,1.0,7,0.02,10,0.4743396749425381,0.3709784340735986,0.4636741894453792
403,bm25,100.0,1.0,7,0.02,15,0.47886698081880763,0.37322081046124655,0.46720095120100363
404,bm25,100.0,1.0,7,0.02,30,0.46166210581880945,0.3588940729351138,0.457306455170522
405,bm25,100.0,1.0,8,0.005,10,0.4790278694893866,0.3718194593054337,0.4647597021926588
406,bm25,100.0,1.0,8,0.005,15,0.4798359052901914,0.3754928539619367,0.4693351400127618
407,bm25,100.0,1.0,8,0.005,30,0.4650436300607623,0.35833000062509124,0.46054747044150324
408,bm25,100.0,1.0,8,0.01,10,0.47433788489140716,0.3682412175385787,0.4607547697120813
409,bm25,100.0,1.0,8,0.01,15,0.4764267715451148,0.3715068043871142,0.46479846938672864
410,bm25,100.0,1.0,8,0.01,30,0.4650380954339483,0.35845886920356973,0.46018269320298427
411,bm25,100.0,1.0,8,0.02,10,0.4701102130725122,0.36503039052244396,0.4573581192723955
412,bm25,100.0,1.0,8,0.02,15,0.4737386752463871,0.36714027701341617,0.46040517066800374
413,bm25,100.0,1.0,8,0.02,30,0.4617426158348833,0.3541648209766125,0.4543261670656055
414,bm25,100.0,1.0,9,0.005,10,0.48227925534809774,0.3794084001615696,0.4717388395733205
415,bm25,100.0,1.0,9,0.005,15,0.4963725562434539,0.39196175155644186,0.4863901538457108
416,bm25,100.0,1.0,9,0.005,30,0.4830099124986392,0.37486745907359353,0.479397074093275
417,bm25,100.0,1.0,9,0.01,10,0.4819180426064532,0.3775815510647208,0.4696497569273883
418,bm25,100.0,1.0,9,0.01,15,0.4953173893306982,0.38959111082113795,0.48316605055539474
419,bm25,100.0,1.0,9,0.01,30,0.47949321231612724,0.3719843718192338,0.4754577064937296
420,bm25,100.0,1.0,9,0.02,10,0.4727665190057369,0.37024247782018727,0.46172480766990864
421,bm25,100.0,1.0,9,0.02,15,0.4862662613745412,0.3813399869129753,0.47462178070457506
422,bm25,100.0,1.0,9,0.02,30,0.47289257869902535,0.3672628420119037,0.46889236177352095
423,bm25,100.0,1.0,10,0.005,10,0.48018633630089125,0.37552163520028986,0.4677696244267454
424,bm25,100.0,1.0,10,0.005,15,0.48977228154941194,0.3841246833365767,0.4786035739167122
425,bm25,100.0,1.0,10,0.005,30,0.47798367886275567,0.3723947231107244,0.47595395441707505
426,bm25,100.0,1.0,10,0.01,10,0.4756173998087939,0.3710206902927521,0.46326412927378635
427,bm25,100.0,1.0,10,0.01,15,0.48474061882407415,0.3801238326143935,0.4744592126998949
428,bm25,100.0,1.0,10,0.01,30,0.4736161020143078,0.36922171840538925,0.4719690253698484
429,bm25,100.0,1.0,10,0.02,10,0.47175283632317067,0.36800863006450285,0.46001458071478263
430,bm25,100.0,1.0,10,0.02,15,0.48227763402757395,0.37702032996992213,0.47097633936356187
431,bm25,100.0,1.0,10,0.02,30,0.4698368751242453,0.3663580395181286,0.46620192433121443
432,bm25,100.0,1.0,15,0.005,10,0.48307169661854166,0.378815153903949,0.4714280832502813
433,bm25,100.0,1.0,15,0.005,15,0.49896470710876084,0.3930711909787051,0.4885546965353035
434,bm25,100.0,1.0,15,0.005,30,0.48650406152290354,0.3809634322406027,0.4844098954768201
435,bm25,100.0,1.0,15,0.01,10,0.47991679328863784,0.37561115262710043,0.4679089021826405
436,bm25,100.0,1.0,15,0.01,15,0.4941378667809248,0.3883199873085753,0.4831953505694918
437,bm25,100.0,1.0,15,0.01,30,0.48252575958012167,0.3753108779890105,0.47791347853118654
438,bm25,100.0,1.0,15,0.02,10,0.4713480890408281,0.3686045010716394,0.46038068746404975
439,bm25,100.0,1.0,15,0.02,15,0.48635945395758406,0.3814902408577314,0.4755840127870883
440,bm25,100.0,1.0,15,0.02,30,0.4758106618658311,0.3699281874984757,0.47164809793126494
441,bm25,120.0,0.75,3,0.005,10,0.47434734161705716,0.36839077818443094,0.4611319505564671
442,bm25,120.0,0.75,3,0.005,15,0.46695498058770724,0.35871811172587453,0.45241525936030624
443,bm25,120.0,0.75,3,0.005,30,0.42439926536861555,0.32018540071961665,0.4179689341253794
444,bm25,120.0,0.75,3,0.01,10,0.47575753216706235,0.36949943016143216,0.4619156671380912
445,bm25,120.0,0.75,3,0.01,15,0.4664926386630809,0.35809293565147343,0.45209946628578085
446,bm25,120.0,0.75,3,0.01,30,0.42476368261906866,0.31987515288097795,0.41810354452886084
447,bm25,120.0,0.75,3,0.02,10,0.47397905368937004,0.36927467186145,0.46155341827941554
448,bm25,120.0,0.75,3,0.02,15,0.46578852737070137,0.35994437883557995,0.4529568737157502
449,bm25,120.0,0.75,3,0.02,30,0.42594419771749126,0.3232041134090653,0.42042516169470295
450,bm25,120.0,0.75,6,0.005,10,0.48154159236615135,0.3799230189134276,0.4714515539364892
451,bm25,120.0,0.75,6,0.005,15,0.4904321804655322,0.3882658688916632,0.4835005749146518
452,bm25,120.0,0.75,6,0.005,30,0.46305016098390084,0.3568714163979881,0.4595527257187852
453,bm25,120.0,0.75,6,0.01,10,0.4782446845735821,0.3766871918750484,0.4682688621216687
454,bm25,120.0,0.75,6,0.01,15,0.4914812650328909,0.38793040033209936,0.4828181571665554
455,bm25,120.0,0.75,6,0.01,30,0.4609284932498275,0.356144013188368,0.45823214641432264
456,bm25,120.0,0.75,6,0.02,10,0.4695602362924853,0.3681305074123605,0.45963942943203806
457,bm25,120.0,0.75,6,0.02,15,0.4867217916802306,0.38225631274089417,0.4765830878373585
458,bm25,120.0,0.75,6,0.02,30,0.46199411040136884,0.35714992390202094,0.45770062905171677
459,bm25,120.0,0.75,7,0.005,10,0.48150048812982027,0.3769408343311237,0.4706750894544607
460,bm25,120.0,0.75,7,0.005,15,0.4854228819301542,0.3799486949770171,0.47486767050547973
461,bm25,120.0,0.75,7,0.005,30,0.46109407385667583,0.35741433934270084,0.45856264157171944
462,bm25,120.0,0.75,7,0.01,10,0.4777513641200019,0.37473087614050576,0.467841255779601
463,bm25,120.0,0.75,7,0.01,15,0.48273021268538263,0.37739612139985224,0.4720536481620803
464,bm25,120.0,0.75,7,0.01,30,0.46038404833002566,0.3556821484262735,0.4565554409130276
465,bm25,120.0,0.75,7,0.02,10,0.47421737081673043,0.3705099928128821,0.4635143088321561
466,bm25,120.0,0.75,7,0.02,15,0.4792170065368039,0.37363415555114793,0.4678576623059623
467,bm25,120.0,0.75,7,0.02,30,0.46142293188601713,0.35891238666765035,0.4573081075224549
468,bm25,120.0,0.75,8,0.005,10,0.4784365090533572,0.37151091908926265,0.46434018614106043
469,bm25,120.0,0.75,8,0.005,15,0.4794813461206937,0.37556636298837115,0.46907397521577215
470,bm25,120.0,0.75,8,0.005,30,0.4645755339661252,0.3582158817447057,0.4605885470003924
471,bm25,120.0,0.75,8,0.01,10,0.47444960517288737,0.368333717864889,0.46093843504744997
472,bm25,120.0,0.75,8,0.01,15,0.47654089363839736,0.3717840728845799,0.4652006946941927
473,bm25,120.0,0.75,8,0.01,30,0.46456735637027347,0.35855496329701037,0.4605373452795284
474,bm25,120.0,0.75,8,0.02,10,0.47011322463798433,0.364940321250144,0.45731936564606485
475,bm25,120.0,0.75,8,0.02,15,0.4742148765632567,0.3678271649977757,0.46097452034575753
476,bm25,120.0,0.75,8,0.02,30,0.4613905257416436,0.3545987702794441,0.4548831401978696
477,bm25,120.0,0.75,9,0.005,10,0.4831011471146359,0.3799338064751276,0.47215529722311367
478,bm25,120.0,0.75,9,0.005,15,0.4962545692514545,0.39212381937925656,0.48651720132431464
479,bm25,120.0,0.75,9,0.005,30,0.48289625097511496,0.3747030926682031,0.4791559644687622
480,bm25,120.0,0.75,9,0.01,10,0.48121242270741604,0.37717736601832197,0.4691318700491924
481,bm25,120.0,0.75,9,0.01,15,0.49485072825792986,0.38975836273749886,0.48322849218752423
482,bm25,120.0,0.75,9,0.01,30,0.4789101980055503,0.37188566470583384,0.4755035967949942
483,bm25,120.0,0.75,9,0.02,10,0.47264753917309177,0.3700102609818268,0.46145333617353756
484,bm25,120.0,0.75,9,0.02,15,0.4861546772516164,0.38133138907537634,0.47470021773053955
485,bm25,120.0,0.75,9,0.02,30,0.4735975270737901,0.3674931155331395,0.46923479627214276
486,bm25,120.0,0.75,10,0.005,10,0.48100883580676557,0.37611592138901323,0.4683397963680118
487,bm25,120.0,0.75,10,0.005,15,0.4884768789691184,0.383482215129609,0.4778738015056036
488,bm25,120.0,0.75,10,0.005,30,0.4782148903062196,0.37238715142016315,0.4757477715977451
489,bm25,120.0,0.75,10,0.01,10,0.47502134505383936,0.3707000359997313,0.46295274844796364
490,bm25,120.0,0.75,10,0.01,15,0.4848591022363965,0.3807331058713895,0.4749323009633108
491,bm25,120.0,0.75,10,0.01,30,0.47372690303993137,0.36952603587403604,0.47193673176726014
492,bm25,120.0,0.75,10,0.02,10,0.4716347725208787,0.3679779188515505,0.45996277970171995
493,bm25,120.0,0.75,10,0.02,15,0.4823974183175432,0.37686974515130156,0.47071226145187045
494,bm25,120.0,0.75,10,0.02,30,0.470431152180935,0.3666014781349955,0.4664712946919883
495,bm25,120.0,0.75,15,0.005,10,0.48319051089307397,0.3792047505582368,0.4717417326624528
496,bm25,120.0,0.75,15,0.005,15,0.49920121013814345,0.39265262447978416,0.48834435068096627
497,bm25,120.0,0.75,15,0.005,30,0.4863895361937918,0.3806609907827943,0.4843172761988182
498,bm25,120.0,0.75,15,0.01,10,0.4788523591109131,0.3749057025221195,0.46700490151528795
499,bm25,120.0,0.75,15,0.01,15,0.49437351312821737,0.3882989302818771,0.48345717655724557
500,bm25,120.0,0.75,15,0.01,30,0.4830001030395887,0.37571946681053725,0.4784095466748595
501,bm25,120.0,0.75,15,0.02,10,0.4718231731726831,0.3688147613108315,0.46055957693077615
502,bm25,120.0,0.75,15,0.02,15,0.4855359681854131,0.3814603923875975,0.47574961137412375
503,bm25,120.0,0.75,15,0.02,30,0.47675636515366493,0.37023013730906235,0.47156193871788954
504,bm25,120.0,1.0,3,0.005,10,0.4749406388584571,0.36871961716700563,0.46138595359917467
505,bm25,120.0,1.0,3,0.005,15,0.46636956458866974,0.358561424455474,0.45215453815389794
506,bm25,120.0,1.0,3,0.005,30,0.42581702819747613,0.321574286389131,0.41909195361553203
507,bm25,120.0,1.0,3,0.01,10,0.4763481356798442,0.3695768528084692,0.4621381963764214
508,bm25,120.0,1.0,3,0.01,15,0.4679096326311661,0.3595603579021852,0.4537255811902927
509,bm25,120.0,1.0,3,0.01,30,0.42558582332836103,0.3202450480176032,0.4187947333851156
510,bm25,120.0,1.0,3,0.02,10,0.47280434606622,0.36838774091676235,0.4609668044092379
511,bm25,120.0,1.0,3,0.02,15,0.4668474830443715,0.3608192423151612,0.4534690266135052
512,bm25,120.0,1.0,3,0.02,30,0.42499801760903944,0.32323391179147504,0.4202515306518647
513,bm25,120.0,1.0,6,0.005,10,0.48107018177820426,0.37951717548381636,0.47125793040731373
514,bm25,120.0,1.0,6,0.005,15,0.49125658549355994,0.3881653361459855,0.4834756491705611
515,bm25,120.0,1.0,6,0.005,30,0.46281568459553724,0.35684594387966173,0.45942600944980816
516,bm25,120.0,1.0,6,0.01,10,0.4785974972046902,0.3760891402693093,0.468295976271937
517,bm25,120.0,1.0,6,0.01,15,0.49077321848250915,0.387193778457375,0.48217479983285905
518,bm25,120.0,1.0,6,0.01,30,0.4605791704699948,0.35603909002538964,0.45819600380848635
519,bm25,120.0,1.0,6,0.02,10,0.4713197359244772,0.36999262793787246,0.46140995932745393
520,bm25,120.0,1.0,6,0.02,15,0.48695979230524866,0.38259705914876885,0.4768047848975849
521,bm25,120.0,1.0,6,0.02,30,0.4628129481775217,0.35809505841504546,0.45862258110152876
522,bm25,120.0,1.0,7,0.005,10,0.4800942129534481,0.37597110222228824,0.4695081007245869
523,bm25,120.0,1.0,7,0.005,15,0.4845978032401786,0.37927770126440663,0.47403374551258703
524,bm25,120.0,1.0,7,0.005,30,0.46061778592966124,0.3570834101782647,0.4584186064094629
525,bm25,120.0,1.0,7,0.01,10,0.4773986942217981,0.3742155970229799,0.4673891323886153
526,bm25,120.0,1.0,7,0.01,15,0.4830799909258102,0.377455041618162,0.472401630821511
527,bm25,120.0,1.0,7,0.01,30,0.4597941457410736,0.3556221126624928,0.4563479592345052
528,bm25,120.0,1.0,7,0.02,10,0.4746957922671039,0.3712187438477181,0.46407119313550205
529,bm25,120.0,1.0,7,0.02,15,0.4792200637526928,0.3733435357325553,0.4672588251971428
530,bm25,120.0,1.0,7,0.02,30,0.4613099745118262,0.35852190400852246,0.4571251688717702
531,bm25,120.0,1.0,8,0.005,10,0.4789120940422082,0.37148637972612025,0.46447186348834013
532,bm25,120.0,1.0,8,0.005,15,0.4798318076995799,0.37557347940023816,0.46950875423770383
533,bm25,120.0,1.0,8,0.005,30,0.4656361800554255,0.3590942470878517,0.4614121100322738
534,bm25,120.0,1.0,8,0.01,10,0.4749260539673257,0.36857022514329907,0.46124108251020957
535,bm25,120.0,1.0,8,0.01,15,0.47689555432705577,0.3719506783274863,0.4654185952346201
536,bm25,120.0,1.0,8,0.01,30,0.46503921261896314,0.3585331381190525,0.46051796626817953
537,bm25,120.0,1.0,8,0.02,10,0.47000201259101304,0.36501347755394403,0.4572579353168565
538,bm25,120.0,1.0,8,0.02,15,0.4735060255555507,0.3673628304348461,0.460497330446875
539,bm25,120.0,1.0,8,0.02,30,0.46162671604333577,0.3542812837259383,0.45434887491095816
540,bm25,120.0,1.0,9,0.005,10,0.48286191262241085,0.3800619370193036,0.47209240190748397
541,bm25,120.0,1.0,9,0.005,15,0.4968392173162222,0.39233837309549513,0.48664485871867713
542,bm25,120.0,1.0,9,0.005,30,0.4817193318071437,0.3742253364774771,0.47848438977528873
543,bm25,120.0,1.0,9,0.01,10,0.48226898758030606,0.3776532463358907,0.4697477565152015
544,bm25,120.0,1.0,9,0.01,15,0.4949624862736345,0.3893596375660487,0.48293128601510527
545,bm25,120.0,1.0,9,0.01,30,0.4791406797876487,0.3719349269236127,0.47526528251461064
546,bm25,120.0,1.0,9,0.02,10,0.4732365681566041,0.3702729058983384,0.46179842089255657
547,bm25,120.0,1.0,9,0.02,15,0.4861554537745687,0.3816001974655351,0.4748620441719467
548,bm25,120.0,1.0,9,0.02,30,0.4738357342166489,0.3678779986460553,0.4696864827553286
549,bm25,120.0,1.0,10,0.005,10,0.4796008283285298,0.3751735560169217,0.4675781974818614
550,bm25,120.0,1.0,10,0.005,15,0.48976600181353663,0.3840600290968529,0.4785344503543644
551,bm25,120.0,1.0,10,0.005,30,0.4782170986255373,0.3725856767833583,0.4761418302636143
552,bm25,120.0,1.0,10,0.01,10,0.47538223028211923,0.3710641642573168,0.4635806009247016
553,bm25,120.0,1.0,10,0.01,15,0.48509787615886335,0.38075260916105524,0.4750686728711321
554,bm25,120.0,1.0,10,0.01,30,0.47431647920334685,0.36993211684100624,0.4723274163013672
555,bm25,120.0,1.0,10,0.02,10,0.47140277475460984,0.3679431514108371,0.45994389230280996
556,bm25,120.0,1.0,10,0.02,15,0.48098881088549017,0.37636601203866554,0.47032224414856466
557,bm25,120.0,1.0,10,0.02,30,0.470304853448862,0.36674529057151306,0.4666113076539487
558,bm25,120.0,1.0,15,0.005,10,0.4847136137055329,0.38007546885005494,0.4728779540400899
559,bm25,120.0,1.0,15,0.005,15,0.49967438028983624,0.3928965792846083,0.4884860003173454
560,bm25,120.0,1.0,15,0.005,30,0.48674288620495076,0.3810803783621932,0.4845329204702741
561,bm25,120.0,1.0,15,0.01,10,0.4792072263174122,0.37469142462741994,0.46691551442658535
562,bm25,120.0,1.0,15,0.01,15,0.49378727428332053,0.3881389208098616,0.48306775339506147
563,bm25,120.0,1.0,15,0.01,30,0.482999565659538,0.3756486141283849,0.4782971531062872
564,bm25,120.0,1.0,15,0.02,10,0.4715828950802319,0.3687240152524098,0.46032671724305346
565,bm25,120.0,1.0,15,0.02,15,0.4856518810023166,0.38156974603341365,0.4755722997464991
566,bm25,120.0,1.0,15,0.02,30,0.47639730515772677,0.3696612699346888,0.47147161529742726
