,data_representations,K1,B,factors,regularization,iterations,alpha,precision_at_k,map_at_k,ndcg_at_k
0,Raw,,,3,0.005,10,1,0.5046284580453044,0.40124707988797315,0.4897995362088709
1,Raw,,,3,0.005,15,1,0.5061653811739386,0.40301870907105464,0.4912339423231004
2,Raw,,,3,0.005,30,1,0.507346650773269,0.4041179809386669,0.49218898192414695
3,Raw,,,3,0.01,10,1,0.5046284580453044,0.40124707988797315,0.4897995362088709
4,Raw,,,3,0.01,15,1,0.5061653811739386,0.40301870907105464,0.4912339423231004
5,Raw,,,3,0.01,30,1,0.507346650773269,0.4041179809386669,0.49218898192414695
6,Raw,,,3,0.02,10,1,0.5046284580453044,0.40124707988797315,0.4897995362088709
7,Raw,,,3,0.02,15,1,0.5061653811739386,0.40301870907105464,0.4912339423231004
8,Raw,,,3,0.02,30,1,0.507346650773269,0.40410020316088924,0.4921764423226567
9,Raw,,,6,0.005,10,1,0.5518013343145641,0.4472322964946316,0.5416051855137093
10,Raw,,,6,0.005,15,1,0.5522732108354487,0.4477810680648444,0.5420561584857216
11,Raw,,,6,0.005,30,1,0.5520377330177568,0.4474815426978152,0.5414653913106889
12,Raw,,,6,0.01,10,1,0.5516841010203086,0.4471740524144859,0.5414644446922877
13,Raw,,,6,0.01,15,1,0.5523904441297043,0.4479219132378863,0.5421497427592884
14,Raw,,,6,0.01,30,1,0.5520377330177568,0.4474815426978152,0.5414653913106889
15,Raw,,,6,0.02,10,1,0.551802510847842,0.447215511774702,0.5415996819828929
16,Raw,,,6,0.02,15,1,0.552508647439397,0.4480912687408426,0.5423226473280739
17,Raw,,,6,0.02,30,1,0.5520377330177568,0.4473748997982311,0.5413809573880277
18,Raw,,,7,0.005,10,1,0.5608620524817075,0.4552092546989278,0.5512719720637737
19,Raw,,,7,0.005,15,1,0.5612076908299519,0.45523271584723624,0.551029152801594
20,Raw,,,7,0.005,30,1,0.5634385815735279,0.45672580389466083,0.5526487953254446
21,Raw,,,7,0.01,10,1,0.5609790056733335,0.4554516814349475,0.551474346601147
22,Raw,,,7,0.01,15,1,0.5610901774330668,0.4551748993408026,0.5510161716119957
23,Raw,,,7,0.01,30,1,0.5632021749541425,0.4566920261168832,0.5525709901548049
24,Raw,,,7,0.02,10,1,0.560508409342563,0.4550046822069425,0.5511983725506608
25,Raw,,,7,0.02,15,1,0.5613256140370151,0.4546571695041194,0.5506329543537898
26,Raw,,,7,0.02,30,1,0.5635567848832206,0.4570311314922272,0.5528520742258755
27,Raw,,,8,0.005,10,1,0.5711949050122167,0.4647202767922839,0.5606236646485605
28,Raw,,,8,0.005,15,1,0.56860508934343,0.46386901583131995,0.5602452964576541
29,Raw,,,8,0.005,30,1,0.5682538772923035,0.4632396007398164,0.5595278841094611
30,Raw,,,8,0.01,10,1,0.5709584983928313,0.46471221850448796,0.5605768265758847
31,Raw,,,8,0.01,15,1,0.5687232926531227,0.46394857867285,0.5603213679547899
32,Raw,,,8,0.01,30,1,0.5682538772923035,0.4632182674064831,0.5595199570308849
33,Raw,,,8,0.02,10,1,0.5709582182902018,0.4645914948357855,0.5606179335006714
34,Raw,,,8,0.02,15,1,0.5684868860337373,0.4638410655863436,0.5601717701217146
35,Raw,,,8,0.02,30,1,0.5681371911779511,0.4631274125512772,0.5593702999232241
36,Raw,,,9,0.005,10,1,0.5700449943130561,0.46349851117658736,0.5603183805599271
37,Raw,,,9,0.005,15,1,0.5713322982454658,0.46287882602525243,0.5600287455527739
38,Raw,,,9,0.005,30,1,0.5700344937226961,0.46254119248749764,0.5594064241155252
39,Raw,,,9,0.01,10,1,0.5701634777253783,0.4635199018543285,0.5603680770229155
40,Raw,,,9,0.01,15,1,0.571332845425369,0.462858838298418,0.5600302791733871
41,Raw,,,9,0.01,30,1,0.5700344937226961,0.46254106133995665,0.5594062291873635
42,Raw,,,9,0.02,10,1,0.5696930879124487,0.4632122743989958,0.5600686601369664
43,Raw,,,9,0.02,15,1,0.5712161593110165,0.46268723080511365,0.5599203776190472
44,Raw,,,9,0.02,30,1,0.5703874437235295,0.46288524458026714,0.559695418129782
45,Raw,,,10,0.005,10,1,0.5668593940614182,0.45946278243592975,0.556588755862246
46,Raw,,,10,0.005,15,1,0.5693346635902184,0.4616370984237624,0.5588689751165398
47,Raw,,,10,0.005,30,1,0.5688673375675267,0.4614164408787949,0.5593419976109089
48,Raw,,,10,0.01,10,1,0.5672162879089363,0.4598150107423704,0.5569065814387255
49,Raw,,,10,0.01,15,1,0.5692154902650888,0.4614981215901742,0.5587559600306398
50,Raw,,,10,0.01,30,1,0.5691029806893156,0.4616627891845474,0.559550755833947
51,Raw,,,10,0.02,10,1,0.5670965674039035,0.45966226449424863,0.5568630303361503
52,Raw,,,10,0.02,15,1,0.5693336935747814,0.4616428060821528,0.5588223282781154
53,Raw,,,10,0.02,30,1,0.5691020106738786,0.4614435733366203,0.559432430348352
54,Raw,,,15,0.005,10,1,0.5546119610284361,0.44281468493655785,0.5447490984648047
55,Raw,,,15,0.005,15,1,0.5555652977037063,0.44392797454972666,0.5458532125365493
56,Raw,,,15,0.005,30,1,0.5528490617581746,0.4403943608576997,0.5428786906259221
57,Raw,,,15,0.01,10,1,0.5556657046028354,0.4437436755888905,0.5454959511881888
58,Raw,,,15,0.01,15,1,0.555210404446495,0.4437545575271651,0.5455551404962573
59,Raw,,,15,0.01,30,1,0.552261295918085,0.440144476282242,0.54259703666152
60,Raw,,,15,0.02,10,1,0.554845205687268,0.4430154430113662,0.5447065007782501
61,Raw,,,15,0.02,15,1,0.5547423591114384,0.4438195055448581,0.5455811864829815
62,Raw,,,15,0.02,30,1,0.5523795728125666,0.4401735701072978,0.5427807017077605
63,Normalized,,,3,0.005,10,1,0.46946771288797995,0.3719030838253203,0.4643023027668277
64,Normalized,,,3,0.005,15,1,0.46985028773726967,0.3704273882108803,0.462594487500288
65,Normalized,,,3,0.005,30,1,0.4660731333957952,0.36786803290701925,0.45965332052756686
66,Normalized,,,3,0.01,10,1,0.4695888078554488,0.37204150734932295,0.4643558473762366
67,Normalized,,,3,0.01,15,1,0.46985200822494716,0.3703956042857429,0.46268983592243274
68,Normalized,,,3,0.01,30,1,0.4668980725783701,0.36871911283699454,0.4604623440809877
69,Normalized,,,3,0.02,10,1,0.4720532149024776,0.3733490639895401,0.465360687512636
70,Normalized,,,3,0.02,15,1,0.47043943340297434,0.3709753085293941,0.4628501328011347
71,Normalized,,,3,0.02,30,1,0.4672526825074481,0.36930457314723086,0.46098825514052216
72,Normalized,,,6,0.005,10,1,0.44887548621711454,0.3419924233605192,0.44326367797768784
73,Normalized,,,6,0.005,15,1,0.44781954909860344,0.3441996969110805,0.4434834504958314
74,Normalized,,,6,0.005,30,1,0.4475954597132373,0.34373014316789974,0.4429692725089705
75,Normalized,,,6,0.01,10,1,0.4498062337385648,0.3441538715130954,0.44524819242361835
76,Normalized,,,6,0.01,15,1,0.4487628862945255,0.3450346986749595,0.44439577225550764
77,Normalized,,,6,0.01,30,1,0.44783204143657224,0.34441384614071235,0.4436856667859697
78,Normalized,,,6,0.02,10,1,0.4485215574814875,0.34259676628565683,0.44400137536474843
79,Normalized,,,6,0.02,15,1,0.45075724205301154,0.3466151755912738,0.4459397803953421
80,Normalized,,,6,0.02,30,1,0.4524057606180577,0.3469379726186682,0.44709747243884645
81,Normalized,,,7,0.005,10,1,0.44570353289690334,0.33679226150588537,0.4402995999182539
82,Normalized,,,7,0.005,15,1,0.44009285491439576,0.3331830349804907,0.4356101689776882
83,Normalized,,,7,0.005,30,1,0.44335496240563393,0.3371579246825476,0.4372601440976135
84,Normalized,,,7,0.01,10,1,0.4454760293827261,0.3363909194951213,0.4399436571553591
85,Normalized,,,7,0.01,15,1,0.4417322536307341,0.3347897265961694,0.43678226573173706
86,Normalized,,,7,0.01,30,1,0.4437045750879487,0.33787081874045233,0.4377962401833499
87,Normalized,,,7,0.02,10,1,0.4467620442516749,0.33756520768163645,0.441056238617208
88,Normalized,,,7,0.02,15,1,0.4437245254142718,0.3361640378552134,0.43828838929703506
89,Normalized,,,7,0.02,30,1,0.4444162800192067,0.3379439254202087,0.43780920227576914
90,Normalized,,,8,0.005,10,1,0.4474364047553695,0.34155148863661394,0.4440832676551437
91,Normalized,,,8,0.005,15,1,0.4464105115566651,0.34011477932753587,0.44200082400934304
92,Normalized,,,8,0.005,30,1,0.44195493848161693,0.33623065389672985,0.4360821944732159
93,Normalized,,,8,0.01,10,1,0.44721349404095667,0.34115419282168324,0.44366396499829985
94,Normalized,,,8,0.01,15,1,0.44655460523411633,0.3383592467224064,0.4406643501566858
95,Normalized,,,8,0.01,30,1,0.4465648612772786,0.34022750413322983,0.44027883940069235
96,Normalized,,,8,0.02,10,1,0.44652111171229125,0.3396190258220743,0.44292684708552965
97,Normalized,,,8,0.02,15,1,0.4501854172915841,0.3431013502214744,0.44443267445287893
98,Normalized,,,8,0.02,30,1,0.45207923465242617,0.3444404522300913,0.4440886659227582
99,Normalized,,,9,0.005,10,1,0.4423006857467152,0.33047219961800217,0.4330826267460492
100,Normalized,,,9,0.005,15,1,0.44452078667727113,0.3327384658436611,0.4352515715412085
101,Normalized,,,9,0.005,30,1,0.4420819161461237,0.3322461950807444,0.4331367197931195
102,Normalized,,,9,0.01,10,1,0.4436103874781356,0.33255776871162074,0.43404866840280176
103,Normalized,,,9,0.01,15,1,0.44087487126536773,0.33101060148680345,0.4328631837494803
104,Normalized,,,9,0.01,30,1,0.4388165862993579,0.32904804057940584,0.43007310064743304
105,Normalized,,,9,0.02,10,1,0.4444226185541966,0.3322347850712822,0.43309250966015533
106,Normalized,,,9,0.02,15,1,0.44346657875846185,0.3309163093317161,0.43294676430396983
107,Normalized,,,9,0.02,30,1,0.4360881265994333,0.327132760419117,0.42889462920295046
108,Normalized,,,10,0.005,10,1,0.4380566373970306,0.3282373920867786,0.4329237580607074
109,Normalized,,,10,0.005,15,1,0.4325401841062507,0.3219356571642548,0.4250276849515279
110,Normalized,,,10,0.005,30,1,0.43474788317005525,0.32494567536105684,0.4264175197167945
111,Normalized,,,10,0.01,10,1,0.4452057833912012,0.33429518290132343,0.43959125213433226
112,Normalized,,,10,0.01,15,1,0.4360647213532259,0.32669768689141493,0.4303799389878728
113,Normalized,,,10,0.01,30,1,0.4366306436639203,0.32488428135651837,0.426787582894375
114,Normalized,,,10,0.02,10,1,0.44158389847531987,0.332545597302349,0.43774918713659233
115,Normalized,,,10,0.02,15,1,0.44122117243319237,0.33351754009900736,0.43629796642436763
116,Normalized,,,10,0.02,30,1,0.4348637450967045,0.3252618289315457,0.4266929656647787
117,Normalized,,,15,0.005,10,1,0.4238652400413841,0.31151375869174786,0.41841378256995576
118,Normalized,,,15,0.005,15,1,0.42515195905966624,0.31060697187748393,0.4177552476998817
119,Normalized,,,15,0.005,30,1,0.42576312292977303,0.31288068947702813,0.41906759306550984
120,Normalized,,,15,0.01,10,1,0.425502006930381,0.31142638563808184,0.419362873052129
121,Normalized,,,15,0.01,15,1,0.427257763880818,0.3123559994702766,0.41983896583456143
122,Normalized,,,15,0.01,30,1,0.42693534334214556,0.31204738083333716,0.4184715959625107
123,Normalized,,,15,0.02,10,1,0.4293828970346306,0.3149190935500734,0.42291855726891514
124,Normalized,,,15,0.02,15,1,0.42607362234675816,0.31157115524255713,0.41898576990912495
125,Normalized,,,15,0.02,30,1,0.429634307485824,0.3145859724415758,0.42011623117764
126,tfidf,,,3,0.005,10,1,0.40140842172693264,0.29017121307199206,0.3828182527995982
127,tfidf,,,3,0.005,15,1,0.39975163536036107,0.2901009015136143,0.3823086688868428
128,tfidf,,,3,0.005,30,1,0.4001054817918427,0.2898858974723675,0.38196076402007245
129,tfidf,,,3,0.01,10,1,0.401289248401803,0.2899014862960358,0.38233358005143436
130,tfidf,,,3,0.01,15,1,0.3995152287409758,0.2898556249178696,0.38201881376434726
131,tfidf,,,3,0.01,30,1,0.4001054817918427,0.2898858974723675,0.38196076402007245
132,tfidf,,,3,0.02,10,1,0.4017630316560107,0.29044749236768125,0.38272915528829793
133,tfidf,,,3,0.02,15,1,0.3998690751724574,0.289876788038437,0.3821122869856464
134,tfidf,,,3,0.02,30,1,0.4001054817918427,0.2898858974723675,0.38196076402007245
135,tfidf,,,6,0.005,10,1,0.4633866800891143,0.35476625871419964,0.45459419517836774
136,tfidf,,,6,0.005,15,1,0.46480035190171237,0.3554180019517828,0.4550805326728322
137,tfidf,,,6,0.005,30,1,0.46373143314840687,0.35445117700977563,0.45409364045547695
138,tfidf,,,6,0.01,10,1,0.46421466346222234,0.3556920517479796,0.45553596548126574
139,tfidf,,,6,0.01,15,1,0.46468173878184177,0.3551090557682254,0.4548539552285297
140,tfidf,,,6,0.01,30,1,0.4636129497360845,0.35430512131298125,0.45400584363499324
141,tfidf,,,6,0.02,10,1,0.46503966320423,0.35629210056500354,0.456086918908751
142,tfidf,,,6,0.02,15,1,0.46479994209153447,0.3551715044206123,0.4549293057567376
143,tfidf,,,6,0.02,30,1,0.46384963645809946,0.3544173494769741,0.45413010746683824
144,tfidf,,,7,0.005,10,1,0.4720950178347295,0.36057912493044264,0.4623885268469336
145,tfidf,,,7,0.005,15,1,0.473266782909849,0.3617837790306201,0.4635910790467082
146,tfidf,,,7,0.005,30,1,0.4735023699088786,0.3623715491312793,0.4641663890501973
147,tfidf,,,7,0.01,10,1,0.47209549142984386,0.3605482054730401,0.46214824066987426
148,tfidf,,,7,0.01,15,1,0.473266782909849,0.36172458777378946,0.4635241246835923
149,tfidf,,,7,0.01,30,1,0.4735023699088786,0.3623715491312793,0.4641663890501973
150,tfidf,,,7,0.02,10,1,0.4719775682227808,0.3603187410851506,0.46197304847673354
151,tfidf,,,7,0.02,15,1,0.47267576636138564,0.3614418482473778,0.4631169304872085
152,tfidf,,,7,0.02,30,1,0.4735023699088786,0.36288888246461265,0.4646422859436809
153,tfidf,,,8,0.005,10,1,0.47771304227367956,0.3643217629559578,0.46600182366682513
154,tfidf,,,8,0.005,15,1,0.4795939202012735,0.36593022830844385,0.467218819450093
155,tfidf,,,8,0.005,30,1,0.4811259920415525,0.36736131248587683,0.46870964731927645
156,tfidf,,,8,0.01,10,1,0.47771179215561277,0.364226257249516,0.4658565202768824
157,tfidf,,,8,0.01,15,1,0.47994701293501124,0.36613398817469495,0.4674881715686908
158,tfidf,,,8,0.01,30,1,0.4810087587472969,0.36724182056633253,0.46861259635177577
159,tfidf,,,8,0.02,10,1,0.4778326891939235,0.36446515104780935,0.4661465152446853
160,tfidf,,,8,0.02,15,1,0.4801826658566527,0.3663348557921693,0.467715572152439
161,tfidf,,,8,0.02,30,1,0.4811269620569895,0.3674138589339642,0.46877160171174365
162,tfidf,,,9,0.005,10,1,0.4770175357186851,0.3669774739258095,0.46892980064647033
163,tfidf,,,9,0.005,15,1,0.4781913208604748,0.3671434012914455,0.46917974520515715
164,tfidf,,,9,0.005,30,1,0.4781850129362121,0.36639365692878767,0.4688373694960724
165,tfidf,,,9,0.01,10,1,0.47725297232263336,0.36707872173660794,0.46902387249198246
166,tfidf,,,9,0.01,15,1,0.47819257097854156,0.3671294656051544,0.4691492869648778
167,tfidf,,,9,0.01,30,1,0.4781850129362121,0.366446990262121,0.4689041289310266
168,tfidf,,,9,0.02,10,1,0.47725297232263336,0.36703160943064894,0.46906089791851946
169,tfidf,,,9,0.02,15,1,0.47831077428823426,0.36707305852568084,0.46922177445551316
170,tfidf,,,9,0.02,30,1,0.4781850129362121,0.366446990262121,0.4689041289310266
171,tfidf,,,10,0.005,10,1,0.48089835571766504,0.3691374308632394,0.4715343052400506
172,tfidf,,,10,0.005,15,1,0.4794856904435587,0.3679721270629794,0.47114568315947947
173,tfidf,,,10,0.005,30,1,0.4795951681743326,0.36761548375083575,0.47067324323537807
174,tfidf,,,10,0.01,10,1,0.4794830866739307,0.3679069564594836,0.4703831274593746
175,tfidf,,,10,0.01,15,1,0.4787713307290768,0.36750837576500894,0.47029330467630037
176,tfidf,,,10,0.01,30,1,0.4780575474707137,0.3663971290621527,0.46909088237034763
177,tfidf,,,10,0.02,10,1,0.47960008405078824,0.36779424043259873,0.47052974450194984
178,tfidf,,,10,0.02,15,1,0.47888697767987665,0.3674700676194361,0.47028390604872855
179,tfidf,,,10,0.02,30,1,0.4782969377211993,0.3666068094950613,0.46931097476395733
180,tfidf,,,15,0.005,10,1,0.4797237501523558,0.3625889409054606,0.4704850359526193
181,tfidf,,,15,0.005,15,1,0.48054032616278686,0.36199443277809795,0.4715826132518253
182,tfidf,,,15,0.005,30,1,0.48019396352682414,0.3629230036386695,0.4724455941151063
183,tfidf,,,15,0.01,10,1,0.47983830810652817,0.3632081003846987,0.4707134288441545
184,tfidf,,,15,0.01,15,1,0.4810059644462039,0.3622844853570689,0.4715919375705478
185,tfidf,,,15,0.01,30,1,0.47818013505532847,0.3619958729895575,0.47079632482898714
186,tfidf,,,15,0.02,10,1,0.4804274451835502,0.36352990873430613,0.4711185129161339
187,tfidf,,,15,0.02,15,1,0.4813569830048457,0.36220814992328754,0.47172519569575844
188,tfidf,,,15,0.02,30,1,0.47854507679115016,0.3623390509219623,0.4712526277710549
189,bm25,50.0,0.75,3,0.005,10,1,0.427855342690126,0.31431645788934975,0.41084684943294747
190,bm25,50.0,0.75,3,0.005,15,1,0.4270261892347474,0.31561451230407983,0.41153745080253057
191,bm25,50.0,0.75,3,0.005,30,1,0.42644099277890657,0.31576177082402007,0.41180370703557057
192,bm25,50.0,0.75,3,0.01,10,1,0.427855342690126,0.3142951954780022,0.41084227026003745
193,bm25,50.0,0.75,3,0.01,15,1,0.4270261892347474,0.3156322900818576,0.4115499904040207
194,bm25,50.0,0.75,3,0.01,30,1,0.42644099277890657,0.31576177082402007,0.41180370703557057
195,bm25,50.0,0.75,3,0.02,10,1,0.4277381093958704,0.31424337114509393,0.4107541469515912
196,bm25,50.0,0.75,3,0.02,15,1,0.4270261892347474,0.31562136112010897,0.4115418683972828
197,bm25,50.0,0.75,3,0.02,30,1,0.42644099277890657,0.31577777082402003,0.4118116341141468
198,bm25,50.0,0.75,6,0.005,10,1,0.47810600709745465,0.3642996289843659,0.46588368259277013
199,bm25,50.0,0.75,6,0.005,15,1,0.47881218276507764,0.3643052492740654,0.46594047081872547
200,bm25,50.0,0.75,6,0.005,30,1,0.47845314115767457,0.36401030479210933,0.46550979526410885
201,bm25,50.0,0.75,6,0.01,10,1,0.47810600709745465,0.36430670310064933,0.46588205862601245
202,bm25,50.0,0.75,6,0.01,15,1,0.47869397945538494,0.364179012867446,0.46584679040827764
203,bm25,50.0,0.75,6,0.01,30,1,0.47845314115767457,0.3639954899772945,0.46549244485530306
204,bm25,50.0,0.75,6,0.02,10,1,0.47810600709745465,0.3642714969212078,0.46587169931146777
205,bm25,50.0,0.75,6,0.02,15,1,0.4785767461611294,0.36411653522918697,0.4657968332881007
206,bm25,50.0,0.75,6,0.02,30,1,0.47845314115767457,0.3639954899772945,0.46549244485530306
207,bm25,50.0,0.75,7,0.005,10,1,0.4872462614905829,0.3726991853285998,0.4743151290404713
208,bm25,50.0,0.75,7,0.005,15,1,0.4865359017455453,0.37206444108369285,0.47388836609880824
209,bm25,50.0,0.75,7,0.005,30,1,0.4880763328599745,0.37359425853544914,0.475188130194535
210,bm25,50.0,0.75,7,0.01,10,1,0.4873644648002755,0.37267140257537495,0.4743883572326181
211,bm25,50.0,0.75,7,0.01,15,1,0.4862994951261599,0.37193321161425125,0.4737693506252089
212,bm25,50.0,0.75,7,0.01,30,1,0.4880763328599745,0.3736049252021158,0.475192742717449
213,bm25,50.0,0.75,7,0.02,10,1,0.4876008714196609,0.3725991444351802,0.4744294035766813
214,bm25,50.0,0.75,7,0.02,15,1,0.48570819847506697,0.37149187598213457,0.47334428845240784
215,bm25,50.0,0.75,7,0.02,30,1,0.48807536284453734,0.37357219660466595,0.4752361436717509
216,bm25,50.0,0.75,8,0.005,10,1,0.49866883362693637,0.3859703615267621,0.48817549670140614
217,bm25,50.0,0.75,8,0.005,15,1,0.49856070995572954,0.38542288515875417,0.48758418130424885
218,bm25,50.0,0.75,8,0.005,30,1,0.4966779459823454,0.3839343530960243,0.4855697036549989
219,bm25,50.0,0.75,8,0.01,10,1,0.4990201928476406,0.3859741756204265,0.4881901353454494
220,bm25,50.0,0.75,8,0.01,15,1,0.4985614734533259,0.3852950553715202,0.48746831248959266
221,bm25,50.0,0.75,8,0.01,30,1,0.4967964293946676,0.3840135637171829,0.4856641324604021
222,bm25,50.0,0.75,8,0.02,10,1,0.49913943975755926,0.38608212463932967,0.48827690758572057
223,bm25,50.0,0.75,8,0.02,15,1,0.4984432701436333,0.3852790553715202,0.48742341565123304
224,bm25,50.0,0.75,8,0.02,30,1,0.4969136626889232,0.384100995411172,0.48573582922407005
225,bm25,50.0,0.75,9,0.005,10,1,0.500074853540221,0.3858006877728015,0.4887316054714482
226,bm25,50.0,0.75,9,0.005,15,1,0.5002004344251145,0.38636730785874274,0.489572025870838
227,bm25,50.0,0.75,9,0.005,30,1,0.49973321637259077,0.3862434457168024,0.4892648220004676
228,bm25,50.0,0.75,9,0.01,10,1,0.5000765134684657,0.3859944463657272,0.4889298880733808
229,bm25,50.0,0.75,9,0.01,15,1,0.5000797439046445,0.3861978985876324,0.4894441879093637
230,bm25,50.0,0.75,9,0.01,30,1,0.4994968097532054,0.38615993769541207,0.489148486397461
231,bm25,50.0,0.75,9,0.02,10,1,0.49925248374189507,0.38563362966012915,0.48852093959427967
232,bm25,50.0,0.75,9,0.02,15,1,0.4997282505397186,0.3858865129920015,0.48897584810113937
233,bm25,50.0,0.75,9,0.02,30,1,0.4996150130628981,0.3862577154731899,0.4892290301938491
234,bm25,50.0,0.75,10,0.005,10,1,0.5024136744698511,0.3896423615619595,0.4935365499692429
235,bm25,50.0,0.75,10,0.005,15,1,0.5040681142208742,0.38959302276856644,0.4943866919660033
236,bm25,50.0,0.75,10,0.005,30,1,0.5055011732241651,0.3896243167318145,0.49414276495200876
237,bm25,50.0,0.75,10,0.01,10,1,0.5027673781684285,0.3894018802677601,0.4933951990748252
238,bm25,50.0,0.75,10,0.01,15,1,0.5041823867092381,0.38959496870011157,0.4942270856712243
239,bm25,50.0,0.75,10,0.01,30,1,0.5057379928792318,0.38970074936967547,0.49412517280293383
240,bm25,50.0,0.75,10,0.02,10,1,0.5024157388450946,0.38885722428799074,0.493075773915406
241,bm25,50.0,0.75,10,0.02,15,1,0.5039452771516892,0.3895617815448366,0.4941483060684516
242,bm25,50.0,0.75,10,0.02,30,1,0.5056204103342313,0.38969115801206755,0.4940902000990728
243,bm25,50.0,0.75,15,0.005,10,1,0.5064226128160512,0.3913781336984058,0.49815592972431955
244,bm25,50.0,0.75,15,0.005,15,1,0.504903370842993,0.39089612207661734,0.4970402379377134
245,bm25,50.0,0.75,15,0.005,30,1,0.5017254324211946,0.390297547353204,0.49585338837199044
246,bm25,50.0,0.75,15,0.01,10,1,0.5067788233251107,0.39168448487321633,0.4983787420089632
247,bm25,50.0,0.75,15,0.01,15,1,0.5049035741353303,0.3908995694442804,0.49693255165193184
248,bm25,50.0,0.75,15,0.01,30,1,0.5019608690251429,0.3902815167900787,0.4958700789743018
249,bm25,50.0,0.75,15,0.02,10,1,0.5071309330180553,0.39159037331424446,0.4983916215409733
250,bm25,50.0,0.75,15,0.02,15,1,0.5050230275630895,0.39091851682489626,0.49711217745104497
251,bm25,50.0,0.75,15,0.02,30,1,0.5020790723348356,0.39037014338388565,0.495979299581808
252,bm25,50.0,1.0,3,0.005,10,1,0.40740636153079113,0.28613943856156654,0.3831999085785041
253,bm25,50.0,1.0,3,0.005,15,1,0.40892310955740047,0.2870231511121943,0.38354963392554425
254,bm25,50.0,1.0,3,0.005,30,1,0.40856462198891375,0.28696395137592307,0.3840671523514393
255,bm25,50.0,1.0,3,0.01,10,1,0.40857987838413734,0.28708917279696305,0.38388673628910663
256,bm25,50.0,1.0,3,0.01,15,1,0.4090402822922233,0.2869421636762656,0.3835187682497875
257,bm25,50.0,1.0,3,0.01,30,1,0.4085640617836546,0.2874714537850654,0.38456253533468543
258,bm25,50.0,1.0,3,0.02,10,1,0.40822600469077386,0.28716844950310133,0.38338837051362296
259,bm25,50.0,1.0,3,0.02,15,1,0.4085704428847003,0.2867114246133964,0.3833367474395037
260,bm25,50.0,1.0,3,0.02,30,1,0.40832759137933283,0.28734318670465087,0.38442022211169047
261,bm25,50.0,1.0,6,0.005,10,1,0.47421299099065334,0.3585475910340607,0.46095234369369276
262,bm25,50.0,1.0,6,0.005,15,1,0.4749177868326614,0.3588319204154015,0.46177183755477824
263,bm25,50.0,1.0,6,0.005,30,1,0.4739751537860726,0.3578543393263285,0.4610711208884286
264,bm25,50.0,1.0,6,0.01,10,1,0.47456788102236097,0.3587336571727865,0.46121697621755275
265,bm25,50.0,1.0,6,0.01,15,1,0.4746804101978389,0.35869457008146105,0.46161086100998194
266,bm25,50.0,1.0,6,0.01,30,1,0.4740933570957653,0.3579450059929951,0.46114902400834473
267,bm25,50.0,1.0,6,0.02,10,1,0.47444648756372737,0.3587629490344811,0.4612388711774737
268,bm25,50.0,1.0,6,0.02,15,1,0.47479861350753155,0.35860302909785446,0.461550709943353
269,bm25,50.0,1.0,6,0.02,30,1,0.4740933570957653,0.3579094504374396,0.46109480417488075
270,bm25,50.0,1.0,7,0.005,10,1,0.48752346804454494,0.37312696856167055,0.47676474931936774
271,bm25,50.0,1.0,7,0.005,15,1,0.488104052354932,0.37437342767360476,0.4779022669210762
272,bm25,50.0,1.0,7,0.005,30,1,0.4888133196238231,0.37433405506158224,0.4780384651988891
273,bm25,50.0,1.0,7,0.01,10,1,0.4879893668308866,0.3736184492546463,0.47734299226871346
274,bm25,50.0,1.0,7,0.01,15,1,0.4881035591601128,0.3746164721181321,0.47798547340035935
275,bm25,50.0,1.0,7,0.01,30,1,0.4886951163141305,0.3741599819693061,0.47789524189230165
276,bm25,50.0,1.0,7,0.02,10,1,0.48717347348642415,0.37306093629898185,0.4767662872502968
277,bm25,50.0,1.0,7,0.02,15,1,0.4885736786702653,0.3747211088836203,0.47826626584940535
278,bm25,50.0,1.0,7,0.02,30,1,0.4888120695057564,0.3740836286969489,0.4777205055423079
279,bm25,50.0,1.0,8,0.005,10,1,0.49867676751987117,0.3855492803596257,0.48816142426331055
280,bm25,50.0,1.0,8,0.005,15,1,0.49963614315847077,0.3861934175753926,0.4885005102893448
281,bm25,50.0,1.0,8,0.005,30,1,0.49657610096651783,0.38323960141388697,0.48565885233443734
282,bm25,50.0,1.0,8,0.01,10,1,0.49773453448360794,0.3852954814491506,0.48772551908360173
283,bm25,50.0,1.0,8,0.01,15,1,0.5003372557800605,0.3869579585688088,0.4891584702012198
284,bm25,50.0,1.0,8,0.01,30,1,0.49834411026774134,0.38405168936176415,0.4865182705064452
285,bm25,50.0,1.0,8,0.02,10,1,0.498556736963503,0.38623740518844835,0.488820347319435
286,bm25,50.0,1.0,8,0.02,15,1,0.49986676955713333,0.3856647974491417,0.48781665652204576
287,bm25,50.0,1.0,8,0.02,30,1,0.49834361384741854,0.3837949208133157,0.48620551739560397
288,bm25,50.0,1.0,9,0.005,10,1,0.5044271943656655,0.39003516485750406,0.4935755869289151
289,bm25,50.0,1.0,9,0.005,15,1,0.5066675426380554,0.39088054522201404,0.4944686244034425
290,bm25,50.0,1.0,9,0.005,30,1,0.5065419024048988,0.39135929042644013,0.4938160516477292
291,bm25,50.0,1.0,9,0.01,10,1,0.5026535422134445,0.3886337749898222,0.4922457151510506
292,bm25,50.0,1.0,9,0.01,15,1,0.5056055792969065,0.39037502501740334,0.4940434069245311
293,bm25,50.0,1.0,9,0.01,30,1,0.5044323974577795,0.3902683093194884,0.49349500526309076
294,bm25,50.0,1.0,9,0.02,10,1,0.5039425054016088,0.390954739943496,0.49430940207067897
295,bm25,50.0,1.0,9,0.02,15,1,0.5050126064667094,0.3900129278528043,0.49355142595689727
296,bm25,50.0,1.0,9,0.02,30,1,0.5046586042769674,0.39006216927075915,0.4927901041478484
297,bm25,50.0,1.0,10,0.005,10,1,0.5085294810806812,0.39371492811124154,0.49714433426519494
298,bm25,50.0,1.0,10,0.005,15,1,0.5099370892210815,0.39434785240171255,0.498025576061064
299,bm25,50.0,1.0,10,0.005,30,1,0.5098289539897041,0.3958354029149492,0.49980998076095134
300,bm25,50.0,1.0,10,0.01,10,1,0.5092350371947819,0.394073534919871,0.49732625467459446
301,bm25,50.0,1.0,10,0.01,15,1,0.5098194450288199,0.3941645446152987,0.4980631158523937
302,bm25,50.0,1.0,10,0.01,30,1,0.510893024680158,0.39569511179557837,0.5003864434837471
303,bm25,50.0,1.0,10,0.02,10,1,0.5126517888795992,0.396521957746902,0.5003367886508087
304,bm25,50.0,1.0,10,0.02,15,1,0.5110093289187044,0.39512863545554905,0.49945103568432414
305,bm25,50.0,1.0,10,0.02,30,1,0.512894870005348,0.39762208643960256,0.5023445436428176
306,bm25,50.0,1.0,15,0.005,10,1,0.518531676287346,0.4027020378498249,0.5071987646605854
307,bm25,50.0,1.0,15,0.005,15,1,0.5159625631701086,0.40069211898176355,0.5054723285955409
308,bm25,50.0,1.0,15,0.005,30,1,0.516554134560652,0.40209410669302,0.5070884354398663
309,bm25,50.0,1.0,15,0.01,10,1,0.5166433634506218,0.4018479052503808,0.5064294906819696
310,bm25,50.0,1.0,15,0.01,15,1,0.515842298710676,0.4019729287553305,0.5063680397950822
311,bm25,50.0,1.0,15,0.01,30,1,0.5165462151687271,0.401804331279792,0.5059903541500439
312,bm25,50.0,1.0,15,0.02,10,1,0.5175824259376491,0.4018465632288054,0.506347905267557
313,bm25,50.0,1.0,15,0.02,15,1,0.5171271228098211,0.4015851678868329,0.5060280821730624
314,bm25,50.0,1.0,15,0.02,30,1,0.5157215646774644,0.40231738511495585,0.5064001283364865
315,bm25,100.0,0.75,3,0.005,10,1,0.426911872561152,0.3138915207879073,0.41011357265312076
316,bm25,100.0,0.75,3,0.005,15,1,0.42655628604228796,0.3148540703168937,0.41095606738649887
317,bm25,100.0,0.75,3,0.005,30,1,0.42691609973597,0.31565896046142283,0.4116763522665459
318,bm25,100.0,0.75,3,0.01,10,1,0.4270303559734742,0.31399359074495126,0.4101843393674692
319,bm25,100.0,0.75,3,0.01,15,1,0.42655628604228796,0.3148327369835603,0.41094814030792276
320,bm25,100.0,0.75,3,0.01,30,1,0.42691609973597,0.31565896046142283,0.4116763522665459
321,bm25,100.0,0.75,3,0.02,10,1,0.4271482791805373,0.3139826388732935,0.41026205538567045
322,bm25,100.0,0.75,3,0.02,15,1,0.4264390527480324,0.31483221239339637,0.410884370622831
323,bm25,100.0,0.75,3,0.02,30,1,0.42691609973597,0.31565896046142283,0.4116763522665459
324,bm25,100.0,0.75,6,0.005,10,1,0.4789298519202231,0.3648703577393236,0.46656396676626655
325,bm25,100.0,0.75,6,0.005,15,1,0.4794004580508461,0.3647193232298361,0.4664367392462788
326,bm25,100.0,0.75,6,0.005,30,1,0.4790427271209426,0.3644653283035182,0.466056741302591
327,bm25,100.0,0.75,6,0.01,10,1,0.47881192871316003,0.36478660303379834,0.4664688791438623
328,bm25,100.0,0.75,6,0.01,15,1,0.4794004580508461,0.3647246565631693,0.4664367392462788
329,bm25,100.0,0.75,6,0.01,30,1,0.4791612105332649,0.36450810905218123,0.4661269044456457
330,bm25,100.0,0.75,6,0.02,10,1,0.47869372540346744,0.3648045119591171,0.46644539078557185
331,bm25,100.0,0.75,6,0.02,15,1,0.4795186613605387,0.3647062813354826,0.46650708816689035
332,bm25,100.0,0.75,6,0.02,30,1,0.4791612105332649,0.3644707329380993,0.466111029093096
333,bm25,100.0,0.75,7,0.005,10,1,0.4870086751124162,0.37252963207099865,0.47420258070554305
334,bm25,100.0,0.75,7,0.005,15,1,0.4853612664960143,0.371413082722939,0.4729873758576074
335,bm25,100.0,0.75,7,0.005,30,1,0.48889759849864173,0.373699913475046,0.4753526133522429
336,bm25,100.0,0.75,7,0.01,10,1,0.4867732385084679,0.37231246295353293,0.4740568466825913
337,bm25,100.0,0.75,7,0.01,15,1,0.4852430631863216,0.37147195721520976,0.47300544824485885
338,bm25,100.0,0.75,7,0.01,30,1,0.48889759849864173,0.373699913475046,0.4753526133522429
339,bm25,100.0,0.75,7,0.02,10,1,0.4870106789282268,0.3725245129850241,0.4741689326626055
340,bm25,100.0,0.75,7,0.02,15,1,0.48559601318715506,0.3716233958635782,0.4732293642060988
341,bm25,100.0,0.75,7,0.02,30,1,0.48889759849864173,0.373636161198179,0.47531549973754783
342,bm25,100.0,0.75,8,0.005,10,1,0.49902376461837183,0.38609098041367595,0.4883972183992128
343,bm25,100.0,0.75,8,0.005,15,1,0.498678366085519,0.38558575162766584,0.48779942996268993
344,bm25,100.0,0.75,8,0.005,30,1,0.49691711991513776,0.3846496148103313,0.4862110110444533
345,bm25,100.0,0.75,8,0.01,10,1,0.49878687137851613,0.38613742774589965,0.488379786972409
346,bm25,100.0,0.75,8,0.01,15,1,0.49903200599916,0.385760687875389,0.487992296857709
347,bm25,100.0,0.75,8,0.01,30,1,0.49691711991513776,0.3846496148103313,0.4862110110444533
348,bm25,100.0,0.75,8,0.02,10,1,0.49866790457122717,0.3860253142707224,0.48829708522308596
349,bm25,100.0,0.75,8,0.02,15,1,0.4989138026894673,0.3856462969130977,0.4878918485057878
350,bm25,100.0,0.75,8,0.02,30,1,0.49691711991513776,0.3846496148103313,0.4862110110444533
351,bm25,100.0,0.75,9,0.005,10,1,0.49996164747729177,0.3861725826696764,0.4889784064200217
352,bm25,100.0,0.75,9,0.005,15,1,0.5003178742372109,0.386536813287888,0.48961124090636793
353,bm25,100.0,0.75,9,0.005,30,1,0.5000827684954727,0.38631134225828573,0.48945314412501395
354,bm25,100.0,0.75,9,0.01,10,1,0.49960946097405456,0.386080060635973,0.4887560041565447
355,bm25,100.0,0.75,9,0.01,15,1,0.5000824376332627,0.3865030269383755,0.48948137762928595
356,bm25,100.0,0.75,9,0.01,30,1,0.4999655352012171,0.38639855537303985,0.48946689972328244
357,bm25,100.0,0.75,9,0.02,10,1,0.49948771382800256,0.3864568050205645,0.48911994478325527
358,bm25,100.0,0.75,9,0.02,15,1,0.5001987009120811,0.38646287895077475,0.48945121213793785
359,bm25,100.0,0.75,9,0.02,30,1,0.5002019418206024,0.3865958887063731,0.4896610716394263
360,bm25,100.0,0.75,10,0.005,10,1,0.5029990958320678,0.389944743198137,0.49384079519551155
361,bm25,100.0,0.75,10,0.005,15,1,0.5047743634732862,0.39015005855162116,0.49503684614600474
362,bm25,100.0,0.75,10,0.005,30,1,0.5060879690488177,0.39009775059927165,0.49455772878990045
363,bm25,100.0,0.75,10,0.01,10,1,0.5028835906876665,0.3898575477781293,0.4939182566501909
364,bm25,100.0,0.75,10,0.01,15,1,0.5039482477574333,0.38968280074233086,0.4943173777132855
365,bm25,100.0,0.75,10,0.01,30,1,0.5063245821860438,0.3901839563962043,0.49471002242694856
366,bm25,100.0,0.75,10,0.02,10,1,0.5030028655319572,0.3893472110092629,0.4935848838961169
367,bm25,100.0,0.75,10,0.02,15,1,0.5046547803379784,0.3899983262777481,0.4947223319149689
368,bm25,100.0,0.75,10,0.02,30,1,0.5060883918843515,0.39019856691427823,0.49460516832110757
369,bm25,100.0,0.75,15,0.005,10,1,0.5070109388614,0.3916075412758938,0.4983245180071062
370,bm25,100.0,0.75,15,0.005,15,1,0.5059566850075095,0.3915383936925628,0.49763533709366187
371,bm25,100.0,0.75,15,0.005,30,1,0.5030205418735025,0.3909813503168771,0.49667718889417023
372,bm25,100.0,0.75,15,0.01,10,1,0.5074828426441664,0.39211906178515765,0.4986908493651513
373,bm25,100.0,0.75,15,0.01,15,1,0.5061941450269732,0.3918917814898474,0.49789361632428664
374,bm25,100.0,0.75,15,0.01,30,1,0.5027851052695543,0.39077144828790844,0.4964347663119925
375,bm25,100.0,0.75,15,0.02,10,1,0.5085410674453013,0.39239065815841856,0.4990224603618775
376,bm25,100.0,0.75,15,0.02,15,1,0.5063126284392955,0.3917593678941144,0.49781740796157214
377,bm25,100.0,0.75,15,0.02,30,1,0.5029033085792469,0.3907366295508757,0.4964613357938562
378,bm25,100.0,1.0,3,0.005,10,1,0.3918779885579328,0.2700194346321639,0.3666486390899433
379,bm25,100.0,1.0,3,0.005,15,1,0.39775125795943295,0.27669762454859015,0.3729504392579866
380,bm25,100.0,1.0,3,0.005,30,1,0.39809241709527554,0.2784722383439295,0.3741315680256907
381,bm25,100.0,1.0,3,0.01,10,1,0.3936446709307971,0.2717607387888542,0.3684877626312027
382,bm25,100.0,1.0,3,0.01,15,1,0.39680948549292794,0.27652276768073986,0.3723251353934393
383,bm25,100.0,1.0,3,0.01,30,1,0.39844480689084977,0.27866513549934735,0.3744639407717236
384,bm25,100.0,1.0,3,0.02,10,1,0.39482643372494663,0.2725897622548069,0.3692009748931243
385,bm25,100.0,1.0,3,0.02,15,1,0.3971652719552838,0.27704253229377557,0.3728250168105058
386,bm25,100.0,1.0,3,0.02,30,1,0.39844480689084977,0.27883283370589423,0.3745776797674904
387,bm25,100.0,1.0,6,0.005,10,1,0.4736230459767878,0.35593917468594993,0.4591516138767652
388,bm25,100.0,1.0,6,0.005,15,1,0.4735026355589474,0.3557338653596912,0.4593205912651418
389,bm25,100.0,1.0,6,0.005,30,1,0.4725590378601006,0.35491416648746704,0.4590976290361953
390,bm25,100.0,1.0,6,0.01,10,1,0.4739791731012061,0.3563504579674819,0.45957702702024833
391,bm25,100.0,1.0,6,0.01,15,1,0.47361986885320295,0.35567276621654004,0.45939420405259546
392,bm25,100.0,1.0,6,0.01,30,1,0.4726772411697932,0.3550177909675621,0.45917106893723825
393,bm25,100.0,1.0,6,0.02,10,1,0.4737405463483169,0.3562737156098003,0.45971448272927395
394,bm25,100.0,1.0,6,0.02,15,1,0.47373807216289554,0.35544695247229396,0.45928828487009243
395,bm25,100.0,1.0,6,0.02,30,1,0.47291267777374146,0.3550965377799482,0.459258521908782
396,bm25,100.0,1.0,7,0.005,10,1,0.48752538646138055,0.3730701358585407,0.47659151284769247
397,bm25,100.0,1.0,7,0.005,15,1,0.48692738389003304,0.3728598344701172,0.47633042857362173
398,bm25,100.0,1.0,7,0.005,30,1,0.48775444800728424,0.3721835093444549,0.4760332493316817
399,bm25,100.0,1.0,7,0.01,10,1,0.4863427065490497,0.37259886287290006,0.4760556317632882
400,bm25,100.0,1.0,7,0.01,15,1,0.4870441305638182,0.3726364569894487,0.476126013816842
401,bm25,100.0,1.0,7,0.01,30,1,0.4881090579363622,0.37256180199776395,0.4762720856672126
402,bm25,100.0,1.0,7,0.02,10,1,0.4871626582847138,0.3726362867843509,0.4764174800309293
403,bm25,100.0,1.0,7,0.02,15,1,0.48692475072084773,0.37189517016786217,0.475515130943882
404,bm25,100.0,1.0,7,0.02,30,1,0.48775444800728424,0.3725460205769988,0.47617545580291354
405,bm25,100.0,1.0,8,0.005,10,1,0.5005702149730838,0.386164498050393,0.4889696024464646
406,bm25,100.0,1.0,8,0.005,15,1,0.5002200830452377,0.38543132154336374,0.48832134750089135
407,bm25,100.0,1.0,8,0.005,30,1,0.4967028399961542,0.38329219270185977,0.48589148358983314
408,bm25,100.0,1.0,8,0.01,10,1,0.49985853140184877,0.3849963836576988,0.4882458011783454
409,bm25,100.0,1.0,8,0.01,15,1,0.49974637337581884,0.3854363112076464,0.48841474677937075
410,bm25,100.0,1.0,8,0.01,30,1,0.4975312839390204,0.38385892425575674,0.48638900032731663
411,bm25,100.0,1.0,8,0.02,10,1,0.4993872822200053,0.38518942790019495,0.4883937915347986
412,bm25,100.0,1.0,8,0.02,15,1,0.49915888884952864,0.38499642471518886,0.48821997208786705
413,bm25,100.0,1.0,8,0.02,30,1,0.4978802165083801,0.3837826687474605,0.4864670624500943
414,bm25,100.0,1.0,9,0.005,10,1,0.5036042654499083,0.3906733293816861,0.49487806191815975
415,bm25,100.0,1.0,9,0.005,15,1,0.5027795444686864,0.38963816663316153,0.49345645827302587
416,bm25,100.0,1.0,9,0.005,30,1,0.5043064486795903,0.3914215868393474,0.4947576490562664
417,bm25,100.0,1.0,9,0.01,10,1,0.5032449983974496,0.38936495275864,0.4931700351746821
418,bm25,100.0,1.0,9,0.01,15,1,0.5045423299871267,0.3897577694764656,0.49360169945914156
419,bm25,100.0,1.0,9,0.01,30,1,0.505602857379901,0.3897204917249391,0.4926278460542603
420,bm25,100.0,1.0,9,0.02,10,1,0.5056168471521827,0.390211489271204,0.4938210030242341
421,bm25,100.0,1.0,9,0.02,15,1,0.5061869766533006,0.39077696766581094,0.4941372622493624
422,bm25,100.0,1.0,9,0.02,30,1,0.5064230091823987,0.38931304633227065,0.49222559226243606
423,bm25,100.0,1.0,10,0.005,10,1,0.5105372328546232,0.394937402827491,0.4991047647914611
424,bm25,100.0,1.0,10,0.005,15,1,0.5115910553769902,0.3957429673481706,0.5001581221830411
425,bm25,100.0,1.0,10,0.005,30,1,0.5128824502023207,0.39840003907537985,0.5027401767283802
426,bm25,100.0,1.0,10,0.01,10,1,0.5107676084268716,0.39482263979367715,0.4993101075434283
427,bm25,100.0,1.0,10,0.01,15,1,0.5111160220047158,0.3952501633747211,0.4994874558042904
428,bm25,100.0,1.0,10,0.01,30,1,0.5128852813006641,0.39844653023246257,0.5026324757393412
429,bm25,100.0,1.0,10,0.02,10,1,0.5086482953552134,0.39274770605212256,0.49565857911140787
430,bm25,100.0,1.0,10,0.02,15,1,0.511000294894778,0.3944518193409502,0.49880102595894604
431,bm25,100.0,1.0,10,0.02,30,1,0.5119626560481378,0.3972220621153709,0.5020767303165288
432,bm25,100.0,1.0,15,0.005,10,1,0.5167658622800841,0.40225034839935897,0.5066050143336878
433,bm25,100.0,1.0,15,0.005,15,1,0.5186640373497727,0.4042131076494993,0.5082031360332214
434,bm25,100.0,1.0,15,0.005,30,1,0.5157215691141379,0.4019665715397543,0.5063945327549997
435,bm25,100.0,1.0,15,0.01,10,1,0.5195882497489187,0.4032034074392542,0.5081820207123944
436,bm25,100.0,1.0,15,0.01,15,1,0.5186658346477426,0.4045578591253223,0.5085381738329422
437,bm25,100.0,1.0,15,0.01,30,1,0.5170228469833077,0.4028304296325723,0.5075075334241858
438,bm25,100.0,1.0,15,0.02,10,1,0.5180613327973231,0.40248473815526536,0.5072787363713357
439,bm25,100.0,1.0,15,0.02,15,1,0.5170143687279674,0.4029847525615205,0.5079958661040058
440,bm25,100.0,1.0,15,0.02,30,1,0.5162002056710346,0.40263833383300557,0.5067138516262067
441,bm25,120.0,0.75,3,0.005,10,1,0.42714660945244026,0.31390881097615175,0.41019009929672723
442,bm25,120.0,0.75,3,0.005,15,1,0.4262043698418281,0.3148074843027344,0.4108655156505895
443,bm25,120.0,0.75,3,0.005,30,1,0.42703610034363254,0.31549153748952613,0.4115810773866042
444,bm25,120.0,0.75,3,0.01,10,1,0.4272648127621329,0.3139727636948279,0.4102600123506031
445,bm25,120.0,0.75,3,0.01,15,1,0.4262043698418281,0.314754150969401,0.4107987562156354
446,bm25,120.0,0.75,3,0.01,30,1,0.42703610034363254,0.31549153748952613,0.4115810773866042
447,bm25,120.0,0.75,3,0.02,10,1,0.4273832961744553,0.3140316582726461,0.4103051257497953
448,bm25,120.0,0.75,3,0.02,15,1,0.4262043698418281,0.314754150969401,0.4107987562156354
449,bm25,120.0,0.75,3,0.02,30,1,0.42703610034363254,0.3155075374895261,0.41158900446518043
450,bm25,120.0,0.75,6,0.005,10,1,0.4791650214468978,0.36489317572308266,0.46661225613003987
451,bm25,120.0,0.75,6,0.005,15,1,0.47963458397729475,0.36485868514791503,0.46658707140670286
452,bm25,120.0,0.75,6,0.005,30,1,0.47892452381124995,0.364429986095455,0.4659901207072476
453,bm25,120.0,0.75,6,0.01,10,1,0.4789286148275124,0.3648201556866528,0.4664641820406222
454,bm25,120.0,0.75,6,0.01,15,1,0.4797530673896171,0.364865464708224,0.4666296753552791
455,bm25,120.0,0.75,6,0.01,30,1,0.47892452381124995,0.364429986095455,0.4659901207072476
456,bm25,120.0,0.75,6,0.02,10,1,0.47869220820812713,0.3647980354680736,0.46638161561703234
457,bm25,120.0,0.75,6,0.02,15,1,0.4798712706993097,0.36477881989948086,0.46659502744827275
458,bm25,120.0,0.75,6,0.02,30,1,0.47892452381124995,0.36440865276212164,0.4659821936286715
459,bm25,120.0,0.75,7,0.005,10,1,0.48724459833683476,0.37260793412143806,0.4744057880195925
460,bm25,120.0,0.75,7,0.005,15,1,0.48512431269672585,0.3713731910575625,0.4728182556332339
461,bm25,120.0,0.75,7,0.005,30,1,0.48866216189469347,0.37356996145727916,0.47515361308211645
462,bm25,120.0,0.75,7,0.01,10,1,0.4871273650425792,0.3725673835429185,0.4743895745837875
463,bm25,120.0,0.75,7,0.01,15,1,0.48524251600641843,0.371513169199639,0.473013162140448
464,bm25,120.0,0.75,7,0.01,30,1,0.48866216189469347,0.37353886491811705,0.4751372744983442
465,bm25,120.0,0.75,7,0.02,10,1,0.48677448862653455,0.372306815546949,0.4740881287261668
466,bm25,120.0,0.75,7,0.02,15,1,0.4852415459909814,0.3715273725449781,0.47304664462584717
467,bm25,120.0,0.75,7,0.02,30,1,0.48878036520438617,0.37357264269589485,0.47522300674756
468,bm25,120.0,0.75,8,0.005,10,1,0.499021213622658,0.38612635152150004,0.48846245493645657
469,bm25,120.0,0.75,8,0.005,15,1,0.4987965693952117,0.3856877248480412,0.48781211208392694
470,bm25,120.0,0.75,8,0.005,30,1,0.49703380602949004,0.38476380421250883,0.48630501049731373
471,bm25,120.0,0.75,8,0.01,10,1,0.4991399641122539,0.38627589112815774,0.4886390935021649
472,bm25,120.0,0.75,8,0.01,15,1,0.49903200599916,0.38580369605480513,0.4879744902828114
473,bm25,120.0,0.75,8,0.01,30,1,0.49703380602949004,0.38476380421250883,0.48630501049731373
474,bm25,120.0,0.75,8,0.02,10,1,0.49878535418317593,0.38619702680508133,0.4884760538208492
475,bm25,120.0,0.75,8,0.02,15,1,0.4989138026894673,0.3857050439600874,0.4878723215005468
476,bm25,120.0,0.75,8,0.02,30,1,0.49703380602949004,0.3847474107698859,0.4862968884905758
477,bm25,120.0,0.75,9,0.005,10,1,0.49984366048529216,0.3860500640262571,0.48894120443706746
478,bm25,120.0,0.75,9,0.005,15,1,0.5004365641673739,0.3867300962096393,0.4897031593116566
479,bm25,120.0,0.75,9,0.005,30,1,0.5002007047278918,0.3864710687420238,0.4895901747078593
480,bm25,120.0,0.75,9,0.01,10,1,0.4996073835734551,0.38625225175291183,0.48888092944892725
481,bm25,120.0,0.75,9,0.01,15,1,0.5003171107396145,0.38668088884184365,0.48961954090969034
482,bm25,120.0,0.75,9,0.01,30,1,0.5003179380221473,0.38666783376934616,0.489745682208014
483,bm25,120.0,0.75,9,0.02,10,1,0.4992523606086957,0.38625733279777236,0.48898904723022174
484,bm25,120.0,0.75,9,0.02,15,1,0.5005496372972514,0.38663297214352,0.4896582226594773
485,bm25,120.0,0.75,9,0.02,30,1,0.5006725479512253,0.387024108207719,0.4900442411498565
486,bm25,120.0,0.75,10,0.005,10,1,0.502999643011971,0.3899173537721675,0.493834673532331
487,bm25,120.0,0.75,10,0.005,15,1,0.5048928468856084,0.39030555020879076,0.4951467628562229
488,bm25,120.0,0.75,10,0.005,30,1,0.5062041685426997,0.3902654049958814,0.49469278693125485
489,bm25,120.0,0.75,10,0.01,10,1,0.5027674517532172,0.3898614430525046,0.4938434772922922
490,bm25,120.0,0.75,10,0.01,15,1,0.5041839644640111,0.3898717693052451,0.4945195101594814
491,bm25,120.0,0.75,10,0.01,30,1,0.5059704556519324,0.3899524021123161,0.4943703562039034
492,bm25,120.0,0.75,10,0.02,10,1,0.5032357413403392,0.38948885264042643,0.49376488589068374
493,bm25,120.0,0.75,10,0.02,15,1,0.5047735308275744,0.390260390702127,0.4949408137037987
494,bm25,120.0,0.75,10,0.02,30,1,0.5058526751777738,0.3901068634403423,0.49445252830804093
495,bm25,120.0,0.75,15,0.005,10,1,0.5071276249757524,0.3916548432208445,0.4983680368790506
496,bm25,120.0,0.75,15,0.005,15,1,0.5064283249385058,0.3916358535327629,0.49777359727321596
497,bm25,120.0,0.75,15,0.005,30,1,0.5032557114001772,0.39108769137990074,0.49679150886064727
498,bm25,120.0,0.75,15,0.01,10,1,0.5077177320682115,0.3920454996884733,0.49864949286517657
499,bm25,120.0,0.75,15,0.01,15,1,0.5064288181333251,0.3920277419106498,0.49803062254486596
500,bm25,120.0,0.75,15,0.01,30,1,0.5029017913839067,0.3907497669230795,0.4964058993408094
501,bm25,120.0,0.75,15,0.02,10,1,0.508540097429864,0.3924294106846037,0.4990996744215557
502,bm25,120.0,0.75,15,0.02,15,1,0.5064300682513918,0.391763756303123,0.49787181200405967
503,bm25,120.0,0.75,15,0.02,30,1,0.5031381980032921,0.39085163723662963,0.49660353949177294
504,bm25,120.0,1.0,3,0.005,10,1,0.3905804296290719,0.2679894455662377,0.36435952135847627
505,bm25,120.0,1.0,3,0.005,15,1,0.3953929089971976,0.2743272565692972,0.3702788049285252
506,bm25,120.0,1.0,3,0.005,30,1,0.39645420738842274,0.2749845002380922,0.37078794720484504
507,bm25,120.0,1.0,3,0.01,10,1,0.39058291361434583,0.2687370454166883,0.36524532784204833
508,bm25,120.0,1.0,3,0.01,15,1,0.39586667922604934,0.2750316258125549,0.37070931546974456
509,bm25,120.0,1.0,3,0.01,30,1,0.39551093075193344,0.2743760287139295,0.37036407427361595
510,bm25,120.0,1.0,3,0.02,10,1,0.3927049694138844,0.27104165266012187,0.36741136835944394
511,bm25,120.0,1.0,3,0.02,15,1,0.39586570921061226,0.2755552275211473,0.3709668587240161
512,bm25,120.0,1.0,3,0.02,30,1,0.3953777731515112,0.27512863196713366,0.3710262201239759
513,bm25,120.0,1.0,6,0.005,10,1,0.4731532033437613,0.3554653681875761,0.4586659871903781
514,bm25,120.0,1.0,6,0.005,15,1,0.47291375253384293,0.35525102533518216,0.4587660474958614
515,bm25,120.0,1.0,6,0.005,30,1,0.4725608989430069,0.35470397790474406,0.4590092865145226
516,bm25,120.0,1.0,6,0.01,10,1,0.4736250465670949,0.3560176925183083,0.45933500329116195
517,bm25,120.0,1.0,6,0.01,15,1,0.47350185903599495,0.35543887858885254,0.4591588967307736
518,bm25,120.0,1.0,6,0.01,30,1,0.4726791022526996,0.35484570840119806,0.45915297007539985
519,bm25,120.0,1.0,6,0.02,10,1,0.4737422798613505,0.35636020104945715,0.4597090725610567
520,bm25,120.0,1.0,6,0.02,15,1,0.4733846257417394,0.3550069368766485,0.4588358178003064
521,bm25,120.0,1.0,6,0.02,30,1,0.4730337121817776,0.3550413112380775,0.4592915595915554
522,bm25,120.0,1.0,7,0.005,10,1,0.4878787234471833,0.37315582486470367,0.4767950444710853
523,bm25,120.0,1.0,7,0.005,15,1,0.4870453168969485,0.372548567525864,0.476056907923106
524,bm25,120.0,1.0,7,0.005,30,1,0.4877544578071366,0.3719993385310872,0.47576446140543566
525,bm25,120.0,1.0,7,0.01,10,1,0.48740162569966533,0.373082801913967,0.4765601746137257
526,bm25,120.0,1.0,7,0.01,15,1,0.4870424068506372,0.3724815322592687,0.47600032830140854
527,bm25,120.0,1.0,7,0.01,30,1,0.48799183444195904,0.3723564824290835,0.4758622689698756
528,bm25,120.0,1.0,7,0.02,10,1,0.48751650471619534,0.3726860781952489,0.47661532912289284
529,bm25,120.0,1.0,7,0.02,15,1,0.487398266897782,0.3718997556084999,0.4756302146395076
530,bm25,120.0,1.0,7,0.02,30,1,0.4878726611168293,0.3725576384703707,0.476055162987352
531,bm25,120.0,1.0,8,0.005,10,1,0.5001015292736302,0.38532060753886394,0.48841915794195756
532,bm25,120.0,1.0,8,0.005,15,1,0.5005785806982411,0.38538365410086806,0.48847657167799846
533,bm25,120.0,1.0,8,0.005,30,1,0.4965831292909737,0.3833332251399483,0.4858666380350673
534,bm25,120.0,1.0,8,0.01,10,1,0.5000914709951673,0.3853821057282162,0.48828313127149936
535,bm25,120.0,1.0,8,0.01,15,1,0.5001044449677847,0.38564213989011603,0.48856701340583486
536,bm25,120.0,1.0,8,0.01,30,1,0.49634832928723893,0.38226530139695486,0.48484564446695877
537,bm25,120.0,1.0,8,0.02,10,1,0.49879804550748236,0.3841687292846116,0.48719898434518694
538,bm25,120.0,1.0,8,0.02,15,1,0.4989231851683068,0.38465113903321885,0.4880026136311759
539,bm25,120.0,1.0,8,0.02,30,1,0.4977612595009434,0.38384021534027535,0.4865612416458244
540,bm25,120.0,1.0,9,0.005,10,1,0.5040735145801247,0.3904585765314702,0.494830590109759
541,bm25,120.0,1.0,9,0.005,15,1,0.5031398999790926,0.38986395625358383,0.4938784068726464
542,bm25,120.0,1.0,9,0.005,30,1,0.5046614253214428,0.3913919790372451,0.49484627273105025
543,bm25,120.0,1.0,9,0.01,10,1,0.5013749888534862,0.38790400958012916,0.4922077375878001
544,bm25,120.0,1.0,9,0.01,15,1,0.5025435001254023,0.3884770608964133,0.49207791246771604
545,bm25,120.0,1.0,9,0.01,30,1,0.5016032819159719,0.38764836972973526,0.4914206476318473
546,bm25,120.0,1.0,9,0.02,10,1,0.5057414221710745,0.39077403141777706,0.4944170499154513
547,bm25,120.0,1.0,9,0.02,15,1,0.506894880470778,0.39078411599543844,0.4939903066942871
548,bm25,120.0,1.0,9,0.02,30,1,0.5065438598978025,0.39007882023881313,0.49313781686719127
549,bm25,120.0,1.0,10,0.005,10,1,0.5105381930702076,0.39484153555231966,0.49926650695251074
550,bm25,120.0,1.0,10,0.005,15,1,0.5099476027061236,0.3945809494492169,0.4990061977878616
551,bm25,120.0,1.0,10,0.005,30,1,0.5132385707523902,0.3986045667053042,0.503055883414296
552,bm25,120.0,1.0,10,0.01,10,1,0.5105350634806997,0.3953583554442708,0.49965547895440476
553,bm25,120.0,1.0,10,0.01,15,1,0.5112387997256378,0.395807520640382,0.500185729559101
554,bm25,120.0,1.0,10,0.01,30,1,0.5130010071994319,0.39867070009511935,0.503082681501193
555,bm25,120.0,1.0,10,0.02,10,1,0.5105343542222028,0.39469857993398205,0.49833073951615353
556,bm25,120.0,1.0,10,0.02,15,1,0.5107641859633936,0.3936723202904179,0.4979609540372369
557,bm25,120.0,1.0,10,0.02,30,1,0.5120710681566412,0.3970530874363223,0.5019416056491801
558,bm25,120.0,1.0,15,0.005,10,1,0.5180585568952336,0.40276684416388725,0.5073906628148152
559,bm25,120.0,1.0,15,0.005,15,1,0.5191312782275052,0.4049895104024161,0.5089026415960252
560,bm25,120.0,1.0,15,0.005,30,1,0.5159594929288635,0.4019881791399982,0.5064778680183466
561,bm25,120.0,1.0,15,0.01,10,1,0.5185276642190513,0.4030392753773396,0.5079613708369617
562,bm25,120.0,1.0,15,0.01,15,1,0.5194824608790743,0.4050558964585843,0.5095431564688981
563,bm25,120.0,1.0,15,0.01,30,1,0.517139942907838,0.40331396675288805,0.5076983101329293
564,bm25,120.0,1.0,15,0.02,10,1,0.5178315649644107,0.4023887014776637,0.5076223387207389
565,bm25,120.0,1.0,15,0.02,15,1,0.5172449768687687,0.40333160489473796,0.5084264147436123
566,bm25,120.0,1.0,15,0.02,30,1,0.5163222198943604,0.4029708372522697,0.5071446648611484
